Metric,AUROC
Avg Token Prob,0.8186990489130435
Perplexity,0.8179347826086957
Average NLL,0.8179347826086957
G-NLL,0.8063009510869565
RW-G-NLL,0.762962962962963
SAR,
Semantic Entropy,
