{
  "aggregated_prefix_curves": {
    "correct": {
      "mean_prefix_mean_nll": [
        0.5616011085139738,
        0.37365353412019675,
        0.29009480906031154,
        0.2606440645238938,
        0.2480401883456041,
        0.24050092434272585,
        0.23024448412767526,
        0.22323844589360772,
        0.2154001281152943,
        0.21101445212596406,
        0.20299141191336453,
        0.19417362018869655,
        0.1928425679323481,
        0.1891124233325911,
        0.1877829754756979,
        0.18805751252952038,
        0.1869610373126284,
        0.18635025206062553,
        0.18296511648355435,
        0.1815842882924089,
        0.1748581555335224,
        0.17201756626513148,
        0.16845433317069466,
        0.16504000483538922,
        0.16896949391024188,
        0.16698775330328017,
        0.17063814246506656,
        0.1657980682903676,
        0.1636464300243971,
        0.16529594973825978,
        0.1688271412436183,
        0.16592966330158931,
        0.169652939139838,
        0.16516343296400354,
        0.15109848510237978,
        0.145263578861028,
        0.13665513518708242,
        0.13138577683034852,
        0.13253221222871717,
        0.136320589086653,
        0.14493462058127118,
        0.13764726883206882,
        0.1355883408810589,
        0.13438380985562792,
        0.12560425198231767,
        0.11531700413697334,
        0.1008849247082432,
        0.1065562043063461,
        0.09720660074997864,
        0.09548003384976773
      ],
      "std_prefix_mean_nll": [
        0.3356065838167183,
        0.23197371506719755,
        0.17576798021778578,
        0.15573874263396725,
        0.14778798025182546,
        0.14086205388547024,
        0.13102847780480037,
        0.128060917049772,
        0.12116250424967978,
        0.11816233952109545,
        0.11544741681597194,
        0.109076547155577,
        0.10841056994917563,
        0.10890570119938366,
        0.11253712713006507,
        0.11453378848626876,
        0.11485233008829096,
        0.11386793677163475,
        0.10700345730882047,
        0.10634553527751067,
        0.10048081131590204,
        0.09962009417313931,
        0.09929682760658254,
        0.09553823647016016,
        0.09531852489845331,
        0.0942465194951076,
        0.09810884398713185,
        0.09730901483627279,
        0.09752894255848626,
        0.09600917792635523,
        0.09949276549384482,
        0.0982023081773082,
        0.09997398925282974,
        0.10218932351672341,
        0.0993255586679712,
        0.0969694182779893,
        0.08980451566307311,
        0.08065028276487515,
        0.0859691462863611,
        0.08590504111799656,
        0.08999339710104962,
        0.0890688728295799,
        0.08641800922873014,
        0.08679353144721406,
        0.07694354206649356,
        0.07966781948859732,
        0.07173978297173217,
        0.07650126882375458,
        0.0774706339885459,
        0.07589601014772644
      ],
      "count_per_k": [
        370,
        370,
        370,
        370,
        370,
        370,
        368,
        366,
        364,
        352,
        339,
        325,
        316,
        301,
        284,
        258,
        245,
        224,
        204,
        180,
        166,
        149,
        135,
        123,
        106,
        90,
        78,
        74,
        68,
        64,
        57,
        51,
        40,
        36,
        31,
        30,
        28,
        25,
        22,
        20,
        16,
        15,
        15,
        15,
        13,
        11,
        10,
        8,
        7,
        7
      ]
    },
    "incorrect": {
      "mean_prefix_mean_nll": [
        0.8288789451122284,
        0.5564361444967896,
        0.4412535358407897,
        0.3985733690327227,
        0.3750024536254933,
        0.36121931368462457,
        0.3644539125727775,
        0.3629502903823842,
        0.35179827007593684,
        0.35271112558044715,
        0.336850389424344,
        0.3368933727976658,
        0.33052351129867996,
        0.3206010064949871,
        0.3261748369775988,
        0.31483449171112027,
        0.3097451880166899,
        0.3037414783613886,
        0.30682286858744645,
        0.3082507347795107,
        0.305340814987352,
        0.31978928910507615,
        0.3176657835863688,
        0.3176847021143999,
        0.3392549577054686,
        0.33408022731433273,
        0.3296983503374771,
        0.3262714872328811,
        0.3125347243158193,
        0.3291622039969954,
        0.19451140440939468,
        0.18859417124628663,
        0.10410007866615005,
        0.10434361076624339,
        0.09316303972204229,
        0.09059339828963352,
        0.0881537574141967,
        0.08584851044492768,
        0.08473813412775855,
        0.09129189889242753,
        0.08917394064246764,
        0.08708123894651483,
        0.08655403756971325,
        0.10946491864028345,
        NaN,
        NaN,
        NaN,
        NaN,
        NaN,
        NaN
      ],
      "std_prefix_mean_nll": [
        0.38912737408850534,
        0.2647018959295341,
        0.22242794700262328,
        0.18516375268044527,
        0.18048918315622214,
        0.1844279212596148,
        0.1811732219621608,
        0.17870737033388348,
        0.1631668525053436,
        0.17725203855348207,
        0.17458466831033992,
        0.16232843941299685,
        0.15914042245816104,
        0.1648412987951397,
        0.17434099873095038,
        0.17165974132061657,
        0.1778218437885445,
        0.18002535414974405,
        0.19213693491706751,
        0.1995294848645923,
        0.19439247041198607,
        0.21147722700418164,
        0.21859783868385316,
        0.21734378491966252,
        0.22450390779606827,
        0.22092597162344324,
        0.2144502244898599,
        0.2091196778665392,
        0.22875084438378607,
        0.2277571109960834,
        0.1471746005382561,
        0.14269789280110387,
        0.026008319313672527,
        0.021028444153640087,
        0.020143701544735194,
        0.019590261403941947,
        0.01905636947218669,
        0.018566350464497144,
        0.01855635968933292,
        0.025513436004644063,
        0.024880946318218064,
        0.024317622438047692,
        0.0252487093795385,
        0.0,
        NaN,
        NaN,
        NaN,
        NaN,
        NaN,
        NaN
      ],
      "count_per_k": [
        30,
        30,
        30,
        30,
        30,
        30,
        29,
        28,
        28,
        28,
        28,
        27,
        25,
        24,
        21,
        20,
        17,
        17,
        14,
        14,
        14,
        11,
        10,
        10,
        9,
        9,
        9,
        9,
        7,
        6,
        4,
        4,
        3,
        3,
        2,
        2,
        2,
        2,
        2,
        2,
        2,
        2,
        2,
        1,
        0,
        0,
        0,
        0,
        0,
        0
      ]
    }
  },
  "early_token_aurocs": {
    "first_token_nll": 0.6979279279279279,
    "first_1_tokens_mean_nll": 0.6979279279279279,
    "first_3_tokens_mean_nll": 0.7050450450450451,
    "first_5_tokens_mean_nll": 0.7116216216216217
  },
  "num_examples_with_stats": 400,
  "num_labeled_examples": 400
}