{
  "long": {
    "min": 1,
    "mean": 28.1125,
    "max": 100,
    "std": 15.995775809569226,
    "median": 25.0,
    "total_examples": 400,
    "examples_with_tokens": 400,
    "percentiles": {
      "p25": 17.0,
      "p50": 25.0,
      "p75": 35.0,
      "p90": 50.0,
      "p95": 61.049999999999955,
      "p99": 84.00999999999999
    }
  }
}