Metric,AUROC
G-NLL,0.7835427989130435
Average NLL,0.776749320652174
Perplexity,0.776749320652174
Avg Token Prob,0.7727581521739132
RW-G-NLL,
SAR,
Semantic Entropy,
