{
  "aggregated_prefix_curves": {
    "correct": {
      "mean_prefix_mean_nll": [
        0.33353939641750435,
        0.2678111312192186,
        0.2401458931381998,
        0.23474635899973884,
        0.23542421526416155,
        0.22942551728698304,
        0.22669793274874186,
        0.22917776151005606,
        0.22641951617824935,
        0.22723039535845807,
        0.22692128005030526,
        0.22852327121191965,
        0.2271782106893171,
        0.22845726474630138,
        0.2315136551042519,
        0.23727504481365658,
        0.24246192488234947,
        0.24853476602646296,
        0.25466967400201335,
        0.2579305802228234,
        0.26684122352633205,
        0.26915376126423857,
        0.27336427398881713,
        0.27256415626494973,
        0.2806503362568338,
        0.2856867297747805,
        0.291529049999192,
        0.2920771272522736,
        0.30718721153804923,
        0.31679795443105196,
        0.3262275326248769,
        0.33337631915953403,
        0.33487727556527364,
        0.3450337166759628,
        0.3637347982608012,
        0.3806172671415025,
        0.39379599155340383,
        0.3863043953034511,
        0.4086416009365607,
        0.4293740120241975,
        0.4330513738309724,
        0.444276656677142,
        0.45402577376867115,
        0.45626093461625733,
        0.4509688449169151,
        0.4569209630765939,
        0.4764505257328842,
        0.49407902147386523,
        0.488630728388578,
        0.49654838548914
      ],
      "std_prefix_mean_nll": [
        0.3436722247627256,
        0.2343318212769855,
        0.1999019266731235,
        0.18928206308165754,
        0.1894655161098528,
        0.18207965728155637,
        0.1713125421821682,
        0.16455575251924134,
        0.15813162010741158,
        0.15205875384094503,
        0.15010190442589064,
        0.14752199281080774,
        0.14490737094888778,
        0.14095838006499087,
        0.1376785687197474,
        0.14049427489861954,
        0.14123025138052986,
        0.1428104634583145,
        0.14198808920203132,
        0.13984248925925374,
        0.14141268505223312,
        0.1438738583817271,
        0.14497837129694938,
        0.1462190652114832,
        0.14975414112402902,
        0.15140887414543885,
        0.15493931354119586,
        0.16014997131216352,
        0.16394894022408735,
        0.16440563099722869,
        0.16849962119238818,
        0.16918676352853468,
        0.17159843761798188,
        0.17147138158438965,
        0.18074325906387156,
        0.1873909443043428,
        0.19449232758849988,
        0.196317224436729,
        0.20063090023603733,
        0.20224814728273818,
        0.19986818632975514,
        0.19777253815558457,
        0.2062335880382578,
        0.2072003171773613,
        0.21269785218129938,
        0.21871035049364684,
        0.20833132171072716,
        0.22023869978027483,
        0.22522885769619852,
        0.23755960436957171
      ],
      "count_per_k": [
        368,
        368,
        368,
        368,
        368,
        368,
        368,
        368,
        366,
        363,
        358,
        350,
        344,
        335,
        323,
        310,
        287,
        271,
        257,
        244,
        228,
        211,
        194,
        182,
        169,
        156,
        142,
        133,
        119,
        114,
        102,
        93,
        85,
        75,
        65,
        60,
        54,
        48,
        43,
        37,
        33,
        30,
        27,
        27,
        26,
        25,
        19,
        15,
        14,
        11
      ]
    },
    "incorrect": {
      "mean_prefix_mean_nll": [
        0.5457881328766234,
        0.4061168821627916,
        0.4389369144262219,
        0.4508526832622124,
        0.456892536886744,
        0.4564044134895462,
        0.4559798226881803,
        0.4393404307442381,
        0.43160006009558555,
        0.42305769109600533,
        0.4147370309834225,
        0.42244499218119586,
        0.4283021292057053,
        0.4402797529956792,
        0.43784492832204785,
        0.436059301136705,
        0.44488326825201197,
        0.45672252549428216,
        0.456316858225357,
        0.4648294409187377,
        0.4508968679226763,
        0.4538715573276435,
        0.4558003027195679,
        0.46609648326703673,
        0.4754969794274214,
        0.4726320931608076,
        0.47678473619788064,
        0.47943516587161616,
        0.4856295205274113,
        0.5196871981595833,
        0.5248820230838386,
        0.5271691746941355,
        0.5205578549004685,
        0.525539689676768,
        0.5297650593906578,
        0.5268994541051749,
        0.5389245113179477,
        0.555351829851448,
        0.5604625791784202,
        0.5656950228450633,
        0.5851302387412326,
        0.5935013076614334,
        0.5929155797517435,
        0.6248634151868856,
        0.5941854775769915,
        0.6096847811301686,
        0.6119775316449664,
        0.6125737316495328,
        0.6209875718792451,
        0.624714148961276
      ],
      "std_prefix_mean_nll": [
        0.46056051652133173,
        0.32126858762652705,
        0.30017746848118915,
        0.2835898513508113,
        0.3011756584642476,
        0.3178744177749047,
        0.3382767298930215,
        0.305666236389561,
        0.3027176255625615,
        0.2996114449467926,
        0.29196340195142984,
        0.29318833734647975,
        0.29426578386958036,
        0.2984041570907283,
        0.29072076142750997,
        0.2826174896553405,
        0.28352745703538856,
        0.2839218291482846,
        0.2897135924869771,
        0.2877783504926018,
        0.2789030295124357,
        0.2757160379239238,
        0.2660754058979266,
        0.26346325765773326,
        0.2640087425709004,
        0.2593116745138974,
        0.25618011588387907,
        0.2550882231645723,
        0.2676656182062522,
        0.2560235263210423,
        0.252871105914275,
        0.24670072409268676,
        0.24399098792503135,
        0.23660730205168803,
        0.2307025358428272,
        0.22943910802773423,
        0.21424409640883318,
        0.21455177559764124,
        0.21259106396711125,
        0.21055747172945954,
        0.21546375388195366,
        0.22064363728667977,
        0.21945896998385686,
        0.18996001693747433,
        0.17730846808441816,
        0.18203644241119807,
        0.17938399746348405,
        0.18347097073335955,
        0.18113017715665589,
        0.1787413002561642
      ],
      "count_per_k": [
        32,
        32,
        32,
        32,
        32,
        32,
        32,
        32,
        32,
        32,
        32,
        32,
        32,
        31,
        31,
        31,
        30,
        29,
        28,
        26,
        24,
        24,
        24,
        23,
        21,
        21,
        21,
        20,
        18,
        17,
        17,
        17,
        16,
        16,
        16,
        15,
        15,
        14,
        14,
        14,
        13,
        13,
        13,
        12,
        10,
        9,
        9,
        9,
        9,
        9
      ]
    }
  },
  "early_token_aurocs": {
    "first_token_nll": 0.6560801630434783,
    "first_1_tokens_mean_nll": 0.6560801630434783,
    "first_3_tokens_mean_nll": 0.6946331521739131,
    "first_5_tokens_mean_nll": 0.7308084239130436
  },
  "num_examples_with_stats": 400,
  "num_labeled_examples": 400
}