{
  "aurocs": {
    "uniform": 0.7602702702702703,
    "linear_increasing": 0.7290990990990991,
    "linear_decreasing": 0.7527927927927928,
    "quadratic_increasing": 0.7154954954954956,
    "quadratic_decreasing": 0.7550450450450451,
    "exponential_increasing": 0.7254054054054053,
    "exponential_decreasing": 0.7581981981981982,
    "middle_peak": 0.6967567567567567,
    "edges_peak": 0.7851351351351351,
    "gaussian_middle": 0.7263963963963964,
    "nll_proportional": 0.8075675675675676,
    "confidence_proportional": 0.7224324324324325,
    "surprisal": 0.8,
    "first_k": 0.754054054054054,
    "last_k": 0.7548648648648648,
    "first_last_k": 0.7818018018018018,
    "recency_bias": 0.7498198198198198,
    "high_uncertainty_only": 0.7678378378378379,
    "low_uncertainty_only": 0.7599099099099098,
    "nll_sqrt": 0.7973873873873875,
    "nll_cubic": 0.7833333333333333,
    "nll_quartic": 0.7833333333333333,
    "nll_quintic": 0.7844144144144144,
    "negate_last_3": 0.7227027027027028,
    "negate_last_5": 0.727027027027027,
    "negate_last_20pct": 0.7227027027027028,
    "negate_first_3": 0.7324324324324325,
    "negate_first_20pct": 0.7153153153153153,
    "unweight_beginning": 0.712072072072072,
    "unweight_middle": 0.765045045045045,
    "unweight_end": 0.7354954954954955,
    "only_beginning": 0.7275675675675676,
    "only_middle": 0.6698198198198199,
    "only_end": 0.6567567567567567,
    "nll_squared_negate_end": 0.7536036036036037,
    "nll_cubic_negate_end": 0.7418018018018018,
    "nll_squared_middle_focus": 0.7268468468468469,
    "nll_cubic_middle_focus": 0.7167567567567568
  },
  "num_examples": 400,
  "normalize": true
}