{
  "aggregated_prefix_curves": {
    "correct": {
      "mean_prefix_mean_nll": [
        0.9981424353843062,
        0.7176918334053551,
        0.6344082782093659,
        0.6011664469044063,
        0.5512390060586981,
        0.5077257007769513,
        0.5076343777193287,
        0.49196525318874745,
        0.46685775693498444,
        0.46009305788213084,
        0.4725602034158136,
        0.46689516023253946,
        0.48288792506627776,
        0.4742564160851869,
        0.4601411424039851,
        0.4581881819877712,
        0.46975464626768454,
        0.4607847921896109,
        0.44050721961856854,
        0.437263274387483,
        0.43174201386543193,
        0.43328454703157715,
        0.41846224664804665,
        0.41499163087263774,
        0.4186890107663906,
        0.41464197871103853,
        0.42922700888242316,
        0.4076208775502818,
        0.3776786598406028,
        0.3772509307886594,
        0.37147973779389987,
        0.3702250548126223,
        0.31817901092849077,
        0.2913795796282255,
        0.285243600522527,
        0.2932138346087211,
        0.2886407420917634,
        0.2850221293660772,
        0.27968502811695195,
        0.2750678768347007,
        0.26852220754631945,
        0.2605325678234424,
        0.26899621364828563,
        0.2668982819605857,
        0.2653890833531664,
        0.2613829128922711,
        0.25686119607544633,
        0.2550370064151191,
        0.2503363360355876,
        0.24923150082630083
      ],
      "std_prefix_mean_nll": [
        0.5267974187750535,
        0.3659356205022563,
        0.3305807697254056,
        0.3090385860386102,
        0.27679365623133856,
        0.25575014473471164,
        0.2572672039832964,
        0.23915884538361257,
        0.24622860968212834,
        0.24838346535913025,
        0.266862039875714,
        0.2695513308340306,
        0.27151295129168906,
        0.271751692240997,
        0.2484637610686094,
        0.2576208295916608,
        0.25639146599381246,
        0.25863380784512907,
        0.2569849201748048,
        0.26362538006520203,
        0.2609820979999529,
        0.2712591231654706,
        0.2499273741742533,
        0.25772952280768424,
        0.2580626039837122,
        0.2596857653774476,
        0.25878310702448026,
        0.2648799720184446,
        0.23230703113499931,
        0.23197157968473298,
        0.23202383990451486,
        0.23785977345756634,
        0.1972092184786328,
        0.18120589346022098,
        0.1804689163509219,
        0.17909636143835486,
        0.17752971394156936,
        0.17821245146412645,
        0.17389585997086085,
        0.17391415716382108,
        0.1698036496412484,
        0.17097336028689922,
        0.1680946687427354,
        0.16786586155668592,
        0.16757383507757406,
        0.1658844853258331,
        0.1626519527876765,
        0.16430053381194062,
        0.16190218394236972,
        0.162967224573312
      ],
      "count_per_k": [
        193,
        188,
        182,
        174,
        168,
        155,
        141,
        132,
        116,
        105,
        90,
        85,
        76,
        68,
        62,
        56,
        51,
        47,
        42,
        42,
        42,
        36,
        33,
        31,
        30,
        29,
        27,
        23,
        21,
        20,
        20,
        19,
        17,
        16,
        16,
        15,
        15,
        15,
        15,
        15,
        15,
        14,
        13,
        13,
        13,
        13,
        13,
        13,
        13,
        13
      ]
    },
    "incorrect": {
      "mean_prefix_mean_nll": [
        1.184505265817982,
        0.9832800708304267,
        0.8546814642004894,
        0.7869713757709955,
        0.7568423310949566,
        0.7289404683185017,
        0.7051013413251516,
        0.6862746946616948,
        0.6731504259876498,
        0.6581583508435953,
        0.654510551168654,
        0.636992815119981,
        0.6217921335477277,
        0.6193953550790906,
        0.610987823486721,
        0.6095482518317625,
        0.6077262107181314,
        0.5974863873441053,
        0.5855235551372299,
        0.5748255011945759,
        0.5645784320597289,
        0.5631023138643535,
        0.5557766864587201,
        0.5474153952054162,
        0.5376650281251073,
        0.524884506041286,
        0.5197277937485678,
        0.5228689395595442,
        0.5197527086391505,
        0.5212739674491811,
        0.515638947555338,
        0.5124554283991978,
        0.5024954190604691,
        0.4997111238173038,
        0.4969250871955472,
        0.490109372901098,
        0.47229569105474434,
        0.4622687427266687,
        0.458778692413286,
        0.464185172023775,
        0.4508172284473423,
        0.4537971307360737,
        0.4546598568297516,
        0.45638120118874215,
        0.4520240710340548,
        0.44341238807710226,
        0.44049412752949274,
        0.43798324398854577,
        0.4333738170505719,
        0.4301685457288118
      ],
      "std_prefix_mean_nll": [
        0.5588418482738368,
        0.5441490230866889,
        0.4599230614491593,
        0.40516975559159646,
        0.3840301911873424,
        0.3693834622149669,
        0.35436631512355815,
        0.353533236553907,
        0.34347441137110685,
        0.3304489215873404,
        0.3256672024854751,
        0.32406478255234855,
        0.3192960720845891,
        0.32165227302268484,
        0.31881578015084777,
        0.3241670428160481,
        0.32538718346381074,
        0.327006621160821,
        0.3335122915645294,
        0.33397305559460133,
        0.3321960931564057,
        0.3370545859636272,
        0.33733422313420525,
        0.33992318617006567,
        0.3441525970612138,
        0.3398263406363616,
        0.3390017437142161,
        0.34145059623423096,
        0.3460150887486096,
        0.3497574096686117,
        0.35016480963777874,
        0.3463039799444146,
        0.3488618923157354,
        0.3495123627274238,
        0.35006935968055775,
        0.3536354295567016,
        0.33742527114565085,
        0.3364016917947188,
        0.3364014207869385,
        0.3400129460434492,
        0.3419423963862231,
        0.34197443572316494,
        0.34577131708535935,
        0.34394686456408297,
        0.342495276191669,
        0.3455924881583362,
        0.3449674645486204,
        0.34618465154552297,
        0.34471054926002354,
        0.34447689537058634
      ],
      "count_per_k": [
        207,
        203,
        201,
        193,
        188,
        185,
        180,
        170,
        161,
        157,
        146,
        138,
        131,
        127,
        119,
        113,
        103,
        100,
        96,
        92,
        89,
        84,
        83,
        81,
        78,
        77,
        74,
        69,
        67,
        65,
        65,
        64,
        63,
        63,
        61,
        60,
        58,
        57,
        57,
        55,
        53,
        52,
        52,
        51,
        51,
        50,
        50,
        50,
        50,
        50
      ]
    }
  },
  "early_token_aurocs": {
    "first_token_nll": 0.5978073139596005,
    "first_1_tokens_mean_nll": 0.5978073139596005,
    "first_3_tokens_mean_nll": 0.6369552702060024,
    "first_5_tokens_mean_nll": 0.6487447122725338
  },
  "num_examples_with_stats": 400,
  "num_labeled_examples": 400
}