{
  "aggregated_prefix_curves": {
    "correct": {
      "mean_prefix_mean_nll": [
        0.4460433220571479,
        0.32191514110432484,
        0.2595241653691591,
        0.24220475804819935,
        0.23142737741020467,
        0.22511192045637743,
        0.2204919826521703,
        0.21504651416222656,
        0.2109012692579145,
        0.21018617467181228,
        0.21087548322243896,
        0.21641412057771278,
        0.22049623029430218,
        0.2235885166219413,
        0.2270900151930988,
        0.22831224331818514,
        0.22817101400693082,
        0.2263919437269328,
        0.22710655429089435,
        0.2262762213631861,
        0.22759805885311035,
        0.22651130639045364,
        0.2226306556288248,
        0.22130721776288065,
        0.21556083636919868,
        0.21683460136089516,
        0.21575475138470057,
        0.2134882108894152,
        0.20675342282769038,
        0.20510492321018234,
        0.2050544316833876,
        0.2103318902062139,
        0.20720602686234937,
        0.20840325319808362,
        0.21189164771913221,
        0.21853540277505792,
        0.2089562412732743,
        0.2022635123121043,
        0.1952551917021911,
        0.1917976881636423,
        0.19037869002158245,
        0.16699990758439287,
        0.16245659382822522,
        0.1710539517464743,
        0.1683653138184942,
        0.16432565389931178,
        0.16013430383305355,
        0.15471211733427212,
        0.14110882149307058,
        0.1373167453112592
      ],
      "std_prefix_mean_nll": [
        0.35030184843021733,
        0.23529849246314474,
        0.19185151129940275,
        0.16760962273893043,
        0.15044346545136147,
        0.1403606154462382,
        0.13659271566255562,
        0.13334050419388652,
        0.1252071431675263,
        0.12520747860304335,
        0.12336755896133111,
        0.1270389616577944,
        0.12871518841484572,
        0.12673393074642691,
        0.1256987027417514,
        0.12475004243030012,
        0.12341709307100121,
        0.11915393721514769,
        0.11630995901270252,
        0.11659106197563304,
        0.11440181709032729,
        0.11060716608156183,
        0.1085741314127933,
        0.10800908773132543,
        0.10211202162262177,
        0.10362263400366602,
        0.10582218331057518,
        0.1088819703567945,
        0.10744132932193605,
        0.11023614019116479,
        0.11131464466419919,
        0.1093438192525264,
        0.11013902216766441,
        0.11086951034566032,
        0.11511044556179816,
        0.11227858486318343,
        0.10241800281577708,
        0.0962098764940917,
        0.0944787957674701,
        0.09775581926204505,
        0.09619796129790742,
        0.08336996593389065,
        0.0825472149474202,
        0.08022558206136149,
        0.07922841215034596,
        0.0796461783414942,
        0.07442675139347285,
        0.07674786133858101,
        0.07020224602849717,
        0.0738782400417854
      ],
      "count_per_k": [
        381,
        381,
        381,
        381,
        380,
        380,
        380,
        380,
        378,
        376,
        367,
        357,
        348,
        336,
        318,
        309,
        291,
        268,
        246,
        225,
        201,
        178,
        161,
        152,
        135,
        114,
        105,
        88,
        82,
        71,
        65,
        57,
        50,
        46,
        39,
        36,
        35,
        31,
        26,
        24,
        24,
        19,
        18,
        15,
        15,
        14,
        11,
        10,
        9,
        8
      ]
    },
    "incorrect": {
      "mean_prefix_mean_nll": [
        0.5460031816833898,
        0.4589301865893695,
        0.34642335095863047,
        0.3069027833424977,
        0.2939133846318949,
        0.2724995810065976,
        0.26910537406578977,
        0.25538649961412085,
        0.24653195566599861,
        0.24968550738544043,
        0.246461182855007,
        0.24181246617133192,
        0.251998258688634,
        0.25782334328630263,
        0.26467435186132876,
        0.2656522367540153,
        0.26206190833829274,
        0.2549544478333258,
        0.2407072194614828,
        0.2590562403853885,
        0.2715408932183052,
        0.2731204686175742,
        0.2734091229582666,
        0.2932402916923084,
        0.2972179352912402,
        0.30612583530144966,
        0.29487656864019096,
        0.3105666754557725,
        0.3004914471547291,
        0.29548458609442607,
        0.269605808619642,
        0.2348169595715035,
        0.22820795788665593,
        0.2220757557073846,
        0.2163787722881742,
        0.21040294945962362,
        0.2050224727516596,
        0.20075197678584356,
        0.1958067801204799,
        0.19545896446156802,
        0.19115562485359722,
        0.18694614154407774,
        0.18297350230141304,
        0.17881893751010383,
        0.17486151039560757,
        0.17517916515478885,
        0.1714803683931832,
        0.1679909602148276,
        0.1645708153714715,
        0.1613103931527803
      ],
      "std_prefix_mean_nll": [
        0.37359188519834113,
        0.3442399965196421,
        0.23061589645352773,
        0.20234264167741978,
        0.19068624832694758,
        0.1532671813283085,
        0.13402645378020153,
        0.12303187827299898,
        0.1190511155673953,
        0.12940054662242576,
        0.12134601514436964,
        0.12105930415661574,
        0.14042044535236242,
        0.12937709313426504,
        0.13195162307751135,
        0.12927377950895644,
        0.11980765920393537,
        0.12271831787010627,
        0.1135292123491128,
        0.10995065840067544,
        0.10944747436154532,
        0.11279653568361474,
        0.12805817644235873,
        0.1276062592048409,
        0.12832535037296797,
        0.12874132642160438,
        0.12394361570112356,
        0.12151035414830244,
        0.1176238528396675,
        0.11330358387536327,
        0.11119170593417756,
        0.12497206455179821,
        0.12165780899202659,
        0.11865524165809535,
        0.11585192210571094,
        0.11264607969284651,
        0.10988664668243352,
        0.10738052891850346,
        0.104828634434083,
        0.10672666663781455,
        0.1037820417866719,
        0.10159478153534672,
        0.09960103973711275,
        0.0973344582654053,
        0.09515621081134465,
        0.09719743042949079,
        0.09511800790785352,
        0.09321396705646143,
        0.09130482226171398,
        0.0894547066388259
      ],
      "count_per_k": [
        19,
        19,
        19,
        19,
        19,
        19,
        19,
        19,
        19,
        19,
        19,
        19,
        19,
        18,
        18,
        17,
        17,
        16,
        15,
        13,
        11,
        11,
        10,
        7,
        6,
        5,
        5,
        4,
        4,
        4,
        3,
        2,
        2,
        2,
        2,
        2,
        2,
        2,
        2,
        2,
        2,
        2,
        2,
        2,
        2,
        2,
        2,
        2,
        2,
        2
      ]
    }
  },
  "early_token_aurocs": {
    "first_token_nll": 0.5844729935073905,
    "first_1_tokens_mean_nll": 0.5844729935073905,
    "first_3_tokens_mean_nll": 0.6172123221439426,
    "first_5_tokens_mean_nll": 0.5902748998480453
  },
  "num_examples_with_stats": 400,
  "num_labeled_examples": 400
}