{
  "aggregated_prefix_curves": {
    "correct": {
      "mean_prefix_mean_nll": [
        0.3021519052268939,
        0.2029060462023967,
        0.19642469708292318,
        0.18689764575745293,
        0.17650854989394713,
        0.17300738697900644,
        0.17214903713372753,
        0.17348534303715546,
        0.17132875827324676,
        0.16822989905449798,
        0.16980288893127232,
        0.17206943866504737,
        0.1743807217778019,
        0.1780273283402694,
        0.17745568987989602,
        0.17692865280847037,
        0.1777560558741259,
        0.1815854283658634,
        0.18623456065682917,
        0.18446445837180184,
        0.185915140311837,
        0.18797627184684196,
        0.1885297738562597,
        0.18759744617939075,
        0.18824776197936827,
        0.1850811879157694,
        0.1834962443212694,
        0.18100301251038564,
        0.18231045932961548,
        0.1778418316068464,
        0.18429559533778855,
        0.18459000858481983,
        0.18325352268893141,
        0.18267418921462544,
        0.1810709033817923,
        0.17983001547445565,
        0.17990339458453286,
        0.1826722975716825,
        0.1835659070799007,
        0.1856241781035448,
        0.18322218680575877,
        0.1822212411019011,
        0.17488348296871012,
        0.18105444814687222,
        0.18850515577898783,
        0.18670514188579523,
        0.17787340040339764,
        0.17228596639924407,
        0.16985184614050625,
        0.14882556282581552
      ],
      "std_prefix_mean_nll": [
        0.3095334893361229,
        0.19672958607565888,
        0.17822997190664736,
        0.16247496210785173,
        0.14005581883898502,
        0.12629346286427945,
        0.125287830523752,
        0.1190398087761768,
        0.11515532652383922,
        0.11001152894422343,
        0.1057836522557769,
        0.10519623465367871,
        0.10608724710829702,
        0.10338245532240445,
        0.09921567091192567,
        0.09950907340567938,
        0.09820693971592763,
        0.09553767840325066,
        0.09824184986659498,
        0.09774274466491413,
        0.0952181663268795,
        0.09511086439317663,
        0.09650107340646534,
        0.09631306443832427,
        0.09691911108459823,
        0.09724675713383162,
        0.09648995428435672,
        0.09613089594492252,
        0.09464394054391635,
        0.09005069575979906,
        0.09146792925428633,
        0.09356234791220329,
        0.09059583176593801,
        0.09013106572312962,
        0.09082937232279047,
        0.08918074373039389,
        0.08610088334502329,
        0.08711754962878401,
        0.08965320480843113,
        0.08921008742162158,
        0.09208885896216684,
        0.09412462083714355,
        0.08300137494012502,
        0.08330397767966737,
        0.08286915661350966,
        0.08183316558960789,
        0.07421543618664618,
        0.07172491727958927,
        0.07104538330473441,
        0.05735771775554203
      ],
      "count_per_k": [
        268,
        268,
        268,
        268,
        268,
        268,
        267,
        260,
        257,
        253,
        247,
        239,
        231,
        219,
        206,
        193,
        187,
        169,
        158,
        148,
        144,
        131,
        124,
        114,
        103,
        94,
        86,
        83,
        76,
        68,
        63,
        60,
        53,
        53,
        48,
        45,
        42,
        38,
        33,
        29,
        27,
        24,
        21,
        20,
        16,
        16,
        15,
        13,
        13,
        11
      ]
    },
    "incorrect": {
      "mean_prefix_mean_nll": [
        0.42900493499650055,
        0.30293949939120296,
        0.2789846717385188,
        0.2618120994140652,
        0.2665518945181068,
        0.265339777684013,
        0.2594710867798061,
        0.2521105539569722,
        0.2555709489367261,
        0.2546501600635314,
        0.2521416789562431,
        0.25759444518820757,
        0.25388748582107484,
        0.2546095757173197,
        0.25362579381655403,
        0.25260040518236976,
        0.24964608244152917,
        0.2507188964910458,
        0.2539072272587684,
        0.25820535992983024,
        0.26454436819278526,
        0.2687163449993413,
        0.270098127459781,
        0.26694876294352715,
        0.2710154420355626,
        0.2695304949785414,
        0.272959548876991,
        0.27234908564825727,
        0.2679984779205867,
        0.27260682652166074,
        0.2854030403789687,
        0.28289913417991236,
        0.2859773610517676,
        0.28194560212719416,
        0.25938535327401246,
        0.26341799168068686,
        0.26840949503772105,
        0.27512392085548804,
        0.27850766728494486,
        0.2654162171435245,
        0.26006743477935107,
        0.2585051372705102,
        0.24987412433933912,
        0.24788435562449637,
        0.23427498829827725,
        0.23888389997805037,
        0.23848215596920172,
        0.2275302241816146,
        0.24439262057234176,
        0.2443287614056763
      ],
      "std_prefix_mean_nll": [
        0.3652517147778235,
        0.24945146815864447,
        0.2200662108167004,
        0.19804468137136794,
        0.17588933040136573,
        0.175852526679265,
        0.16903435362125788,
        0.16347105043048019,
        0.15768796841902882,
        0.1499760858830631,
        0.147818297053384,
        0.14157253964576072,
        0.14412822525098443,
        0.14228136730234936,
        0.13883634736984035,
        0.13812885327775176,
        0.13527978982525407,
        0.13252434612190925,
        0.1303094467871756,
        0.1289642641886679,
        0.12790511682674244,
        0.13193982987347813,
        0.13122497661265242,
        0.13326353596285603,
        0.13399194174758697,
        0.1342505020112952,
        0.1319247515840667,
        0.1280301283131148,
        0.12611169572220343,
        0.12051327943483899,
        0.11887822063291106,
        0.11761083394142804,
        0.11844532033604693,
        0.12046918197380485,
        0.10106536964511503,
        0.09869026314635014,
        0.09465802383773345,
        0.09342663312908982,
        0.09253761816027874,
        0.09083515754650606,
        0.09421541472343166,
        0.0972914030311423,
        0.09740184934220449,
        0.09493729617893214,
        0.081903317632807,
        0.08594776941258561,
        0.08384727711255076,
        0.07246960672130956,
        0.07086012218236339,
        0.07125489840924314
      ],
      "count_per_k": [
        132,
        132,
        132,
        132,
        132,
        132,
        130,
        129,
        128,
        127,
        125,
        118,
        113,
        111,
        109,
        106,
        102,
        101,
        95,
        92,
        87,
        78,
        76,
        73,
        68,
        62,
        58,
        55,
        51,
        48,
        40,
        38,
        34,
        30,
        26,
        24,
        21,
        19,
        18,
        15,
        14,
        13,
        12,
        12,
        10,
        9,
        9,
        8,
        6,
        6
      ]
    }
  },
  "early_token_aurocs": {
    "first_token_nll": 0.611233604703754,
    "first_1_tokens_mean_nll": 0.611233604703754,
    "first_3_tokens_mean_nll": 0.6168588873812754,
    "first_5_tokens_mean_nll": 0.6603629579375848
  },
  "num_examples_with_stats": 400,
  "num_labeled_examples": 400
}