{
  "aggregated_prefix_curves": {
    "correct": {
      "mean_prefix_mean_nll": [
        0.49035652742286523,
        0.3619959091826791,
        0.29239105282329547,
        0.26876363588497043,
        0.2557104435848514,
        0.2451045632241065,
        0.23688738447814686,
        0.22935154092374913,
        0.22478326834810797,
        0.21926713444173893,
        0.21505213603695658,
        0.21518487300777953,
        0.21470487797454185,
        0.21425301665364985,
        0.21342068607269093,
        0.21448329948780567,
        0.21806000779976453,
        0.22291439010895636,
        0.2245877593913735,
        0.2265890223043562,
        0.22702532113186177,
        0.23302965077377577,
        0.23514685843577193,
        0.2414801283235356,
        0.23830966871677592,
        0.2372519992693206,
        0.23647828642199406,
        0.23705081666319144,
        0.24415718478755646,
        0.23461949422065462,
        0.23152578961957943,
        0.22305599298086215,
        0.2249873307648275,
        0.21365937265193866,
        0.21271820953722437,
        0.21102837843258443,
        0.20983140369981307,
        0.21068892016224472,
        0.20737618473923894,
        0.20593636526909453,
        0.20837337181142943,
        0.2010481939600198,
        0.21719296396780158,
        0.2294396385025679,
        0.21091886335932403,
        0.25437163629291765,
        0.28587307033574927,
        0.28212288955586945,
        0.2820257240243141,
        0.28494140516748667
      ],
      "std_prefix_mean_nll": [
        0.34537994671886957,
        0.2539378451554559,
        0.2021219236137379,
        0.1802321717369214,
        0.16026666007658347,
        0.14814603269320775,
        0.14315096019929166,
        0.13719221841446044,
        0.12903863386729916,
        0.12238351370187994,
        0.11928775582241131,
        0.11889878708827134,
        0.11700381293044598,
        0.11545140250519766,
        0.11490926521873253,
        0.11635494162347193,
        0.11756234689188584,
        0.11822123048196351,
        0.12240136220265448,
        0.1238795410870543,
        0.12781542647349683,
        0.13110972995536863,
        0.13296617189472984,
        0.1338504684299493,
        0.12839007456406532,
        0.12375987409075333,
        0.11849978985891142,
        0.12004597998435326,
        0.1167095960934049,
        0.11723595516034313,
        0.11752724780163722,
        0.11303921269431826,
        0.12038952092890373,
        0.12069176152332793,
        0.1264152550635321,
        0.12905384350499483,
        0.1315043802953108,
        0.13379154381311717,
        0.13325044049462248,
        0.13253770225031852,
        0.13746714468846957,
        0.12987125182741316,
        0.13513144309781955,
        0.12913769510706213,
        0.14312231492954097,
        0.14252074915442917,
        0.13873160435423906,
        0.1375004532051126,
        0.1355003720006263,
        0.14961564513477152
      ],
      "count_per_k": [
        375,
        374,
        373,
        373,
        373,
        372,
        372,
        369,
        362,
        357,
        347,
        335,
        314,
        299,
        280,
        263,
        235,
        214,
        205,
        190,
        175,
        153,
        140,
        127,
        113,
        100,
        89,
        78,
        67,
        54,
        47,
        43,
        34,
        27,
        23,
        20,
        20,
        19,
        19,
        19,
        17,
        15,
        13,
        12,
        9,
        7,
        6,
        6,
        6,
        5
      ]
    },
    "incorrect": {
      "mean_prefix_mean_nll": [
        0.6590170994400978,
        0.5171499701257563,
        0.4448513096252767,
        0.3813704848584212,
        0.3636049422196265,
        0.34962003734319597,
        0.3537689704314756,
        0.3441749722611098,
        0.3456154892070828,
        0.3426946739533472,
        0.32470813624927136,
        0.31916499687739797,
        0.2973421386169061,
        0.28805263365555567,
        0.2850707675235973,
        0.29814479207217914,
        0.2972557337271717,
        0.31809276787498464,
        0.3090901192754385,
        0.32547402321806435,
        0.32602709278312003,
        0.3157067702881513,
        0.30964753669078593,
        0.3154524528803388,
        0.3109164236552692,
        0.30695387858564843,
        0.3041493761241943,
        0.30132142141444646,
        0.30591945223877126,
        0.31666949566034647,
        0.30712393113793174,
        0.30505592739505616,
        0.30217947165101233,
        0.2942258804615442,
        0.28593278860715343,
        0.2870686823664117,
        0.33902394505385264,
        0.34409207513081846,
        0.3669342244755552,
        0.3723231361460231,
        0.3700789049535789,
        0.37487469518495103,
        0.2954224239272948,
        0.3068296222943807,
        0.3195567307617593,
        0.31543983213729776,
        0.30922101812917446,
        0.3079051596807621,
        0.30367696521751225,
        0.2988118108441813
      ],
      "std_prefix_mean_nll": [
        0.4315511230676357,
        0.2791551888374358,
        0.22979110457253932,
        0.21936746319096245,
        0.18555143693676804,
        0.17584828890240134,
        0.17164198288754054,
        0.14783183514990658,
        0.14077150871398242,
        0.15602726775166328,
        0.14549611581756577,
        0.14407127282498275,
        0.1327627100138494,
        0.1345017484182936,
        0.12996245168716178,
        0.12681555159359834,
        0.11712886401850382,
        0.10831442891877803,
        0.10664536254510885,
        0.10947934958723111,
        0.12335497825252459,
        0.15272080278343084,
        0.151281795773319,
        0.1526083170717116,
        0.15185727568515994,
        0.15668529532488737,
        0.16975767590057125,
        0.1665972404957199,
        0.17317433995439888,
        0.1743216306248616,
        0.16940706026979904,
        0.17569214904528432,
        0.17959328004938357,
        0.17362117250329545,
        0.16871022880645092,
        0.17225076631023672,
        0.15482055418156804,
        0.14066529536029498,
        0.13549812722976617,
        0.12664930573287392,
        0.12521296057615414,
        0.11653733197108153,
        0.06034411963461808,
        0.07694168657907725,
        0.07087916398872948,
        0.07160208947467432,
        0.06981902797643824,
        0.06850730913222473,
        0.06914166185982844,
        0.06896713964402805
      ],
      "count_per_k": [
        25,
        25,
        25,
        25,
        25,
        25,
        25,
        25,
        24,
        24,
        22,
        22,
        21,
        19,
        18,
        15,
        15,
        12,
        12,
        10,
        10,
        8,
        8,
        8,
        8,
        8,
        7,
        7,
        6,
        4,
        4,
        4,
        4,
        4,
        4,
        4,
        3,
        3,
        3,
        3,
        3,
        3,
        2,
        2,
        2,
        2,
        2,
        2,
        2,
        2
      ]
    }
  },
  "early_token_aurocs": {
    "first_token_nll": 0.6090666666666668,
    "first_1_tokens_mean_nll": 0.6090666666666668,
    "first_3_tokens_mean_nll": 0.6937599999999999,
    "first_5_tokens_mean_nll": 0.6683733333333333
  },
  "num_examples_with_stats": 400,
  "num_labeled_examples": 400
}