{
  "aggregated_prefix_curves": {
    "correct": {
      "mean_prefix_mean_nll": [
        0.7525303041496978,
        0.5582946869973222,
        0.4477838393068407,
        0.4165166957733099,
        0.39743719048285026,
        0.3869738007502822,
        0.37341110425930396,
        0.3641069592133962,
        0.35541011664801775,
        0.34837348846631727,
        0.34742878406056704,
        0.34604838026393847,
        0.34319300683419346,
        0.34780923124596036,
        0.34695712152470715,
        0.35062497062114256,
        0.35223711960527215,
        0.3545503612154888,
        0.3523044847241535,
        0.3552600546700105,
        0.3519095051234176,
        0.35814203559380686,
        0.36210486455355423,
        0.3593647822883969,
        0.3589608378803494,
        0.3577532853362206,
        0.3524413827286444,
        0.34440923229151144,
        0.3369029605293505,
        0.3285391478881381,
        0.3216170298202237,
        0.3163677153565426,
        0.30432809356559687,
        0.30236477984061144,
        0.30180604663876653,
        0.29544432143151367,
        0.29368564228801375,
        0.29706877894809697,
        0.29365428077822087,
        0.28948375004545424,
        0.27986185266562236,
        0.2600512167827223,
        0.25318869661200993,
        0.25097543592615146,
        0.2541903861234873,
        0.2536098303663659,
        0.2520729353291699,
        0.24411235796829414,
        0.23915445946060612,
        0.2362708022895205
      ],
      "std_prefix_mean_nll": [
        0.43827222441566566,
        0.33318819374605463,
        0.27311251151855936,
        0.2491213397764101,
        0.22817065602621986,
        0.22037456483322937,
        0.20900115222014434,
        0.20218177826654887,
        0.192803761212718,
        0.1896440562140762,
        0.19247596000972467,
        0.19489078674778873,
        0.1962783451094234,
        0.19919509089358897,
        0.20260419116686737,
        0.208901107621625,
        0.21341517344291308,
        0.2173402608794274,
        0.21913200351056997,
        0.22358908759184792,
        0.2207918662400666,
        0.22614296716188323,
        0.2345661491069433,
        0.23552607108023008,
        0.2396592027407833,
        0.2442179293140937,
        0.2458551315636805,
        0.24810621867741836,
        0.2496720699885244,
        0.24898394222165873,
        0.24714060023668039,
        0.24854196234388004,
        0.23864234601658302,
        0.23953512606072247,
        0.24135077677516534,
        0.23761707073580174,
        0.2387064889736668,
        0.24071965171758197,
        0.24148631459685263,
        0.24276529403554384,
        0.243203133233906,
        0.2262964572150585,
        0.22358666757691148,
        0.22278615120188056,
        0.223204774228545,
        0.22295227513818058,
        0.22229489353064166,
        0.21902187182291524,
        0.21788162422355542,
        0.21577570361340176
      ],
      "count_per_k": [
        313,
        313,
        313,
        312,
        308,
        305,
        304,
        301,
        300,
        292,
        287,
        275,
        269,
        253,
        242,
        231,
        223,
        214,
        202,
        193,
        186,
        175,
        165,
        158,
        152,
        145,
        136,
        128,
        124,
        119,
        117,
        114,
        112,
        110,
        109,
        105,
        105,
        101,
        98,
        97,
        93,
        90,
        89,
        89,
        86,
        85,
        84,
        81,
        76,
        76
      ]
    },
    "incorrect": {
      "mean_prefix_mean_nll": [
        0.8470677013198534,
        0.6818346938212173,
        0.5178137147308132,
        0.46186075882087607,
        0.44614136161425,
        0.4406992197608716,
        0.44013341874122947,
        0.4247561478316558,
        0.42690323137152003,
        0.42434086988765657,
        0.427689060437799,
        0.4342610987902762,
        0.44282005997308194,
        0.4497572170322725,
        0.4648483878904173,
        0.47275637158156314,
        0.46883936126668024,
        0.4625208407468171,
        0.4617254936064656,
        0.46000079687903817,
        0.4580338590352345,
        0.44924174412725404,
        0.4487883247705018,
        0.44456540563375935,
        0.44663190505503514,
        0.44296481671934956,
        0.43863212083428443,
        0.4363541736606404,
        0.4219370223029857,
        0.4184918491318921,
        0.4162864648458839,
        0.40838326439472167,
        0.38588979158963516,
        0.37936558954717786,
        0.37051570805801964,
        0.3691973957128418,
        0.36705285119025105,
        0.3652571478634983,
        0.3647264386735485,
        0.3609763059850106,
        0.3662346430353269,
        0.3680342218552491,
        0.34303156559237025,
        0.3561096224888451,
        0.3609737526067301,
        0.3567416343661899,
        0.3474662340029018,
        0.3483738656146273,
        0.34620889096884117,
        0.3523811492211891
      ],
      "std_prefix_mean_nll": [
        0.5095108371799953,
        0.3812000749782039,
        0.27799197163104417,
        0.2576837815119685,
        0.2380061428841368,
        0.21390873821498096,
        0.20134456446303145,
        0.20573752739160237,
        0.21357593438266895,
        0.21732451367918174,
        0.22538273015469826,
        0.2342445559623404,
        0.24010459469534268,
        0.2374227240753664,
        0.24321568253097064,
        0.2512080206584575,
        0.2491832219652376,
        0.2520481258963582,
        0.2523056477268076,
        0.2515723411646884,
        0.2515863043578094,
        0.2512748151569302,
        0.2612649947017009,
        0.26715249198664065,
        0.2700351333880656,
        0.2711912360457425,
        0.27509862429132154,
        0.27422249174259555,
        0.2777594084579759,
        0.28044287658267447,
        0.2858146050696777,
        0.28888713333971716,
        0.27957850850825927,
        0.28624158183694937,
        0.2875657142930998,
        0.2907080159636719,
        0.29388679236907916,
        0.2959202476518561,
        0.3042096101330199,
        0.30373298524563536,
        0.30868046105001246,
        0.3206058054138756,
        0.30077748199769794,
        0.30237050492952194,
        0.2993263175909353,
        0.2972302492182712,
        0.3003007743799161,
        0.30234171015915207,
        0.3075286689942773,
        0.31523395685590516
      ],
      "count_per_k": [
        87,
        87,
        87,
        87,
        87,
        87,
        87,
        87,
        86,
        85,
        84,
        83,
        80,
        78,
        76,
        75,
        74,
        71,
        69,
        69,
        65,
        63,
        59,
        57,
        54,
        52,
        48,
        48,
        46,
        45,
        45,
        43,
        41,
        39,
        38,
        38,
        38,
        38,
        36,
        36,
        35,
        33,
        32,
        30,
        29,
        29,
        28,
        27,
        26,
        25
      ]
    }
  },
  "early_token_aurocs": {
    "first_token_nll": 0.5459953729205684,
    "first_1_tokens_mean_nll": 0.5459953729205684,
    "first_3_tokens_mean_nll": 0.5765487863097205,
    "first_5_tokens_mean_nll": 0.5607579596783078
  },
  "num_examples_with_stats": 400,
  "num_labeled_examples": 400
}