Metric,AUROC
Average NLL,0.7594105113636365
Perplexity,0.7594105113636365
G-NLL,0.7589962121212122
Avg Token Prob,0.7401160037878788
SAR,0.5047348484848485
RW-G-NLL,0.5
Semantic Entropy,0.4872159090909091
