Metric,AUROC
G-NLL,0.6443145378699736
Average NLL,0.6155679786600075
Perplexity,0.6155679786600075
Avg Token Prob,0.5970089957149749
RW-G-NLL,0.49999999999999994
SAR,
Semantic Entropy,
