{
  "aggregated_prefix_curves": {
    "correct": {
      "mean_prefix_mean_nll": [
        0.13336879824630488,
        0.09546106381670418,
        0.07823381738307512,
        0.07001950624428877,
        0.06514315976876267,
        0.06190082118960191,
        0.05860941191423661,
        0.058119148436969074,
        0.060112841265409674,
        0.06105401301764569,
        0.06115123660486064,
        0.0630452801674286,
        0.06535290150916317,
        0.06607102602977953,
        0.06707242439286595,
        0.06904733435158138,
        0.0711340387797603,
        0.073885536027738,
        0.07416557096361279,
        0.07532521211348438,
        0.07578005789004806,
        0.07656484670144166,
        0.07637711255310067,
        0.07698869618778581,
        0.07844848707837018,
        0.07721174017865598,
        0.07660148231368516,
        0.07720892333596538,
        0.0790566080374567,
        0.07952609975579161,
        0.07963884056346059,
        0.07949172730652937,
        0.07935404151299864,
        0.07632829672196682,
        0.0752409349766727,
        0.07587913409008093,
        0.07402874862118507,
        0.07565521060476904,
        0.07355033355451286,
        0.07214003796132219,
        0.06393195995507359,
        0.0622194007702533,
        0.06438254607520662,
        0.06678981459510147,
        0.06623756466757666,
        0.06371828415328633,
        0.06834654426883734,
        0.07085083378639913,
        0.07220291247501386,
        0.0735474824952392
      ],
      "std_prefix_mean_nll": [
        0.20754762281886782,
        0.13082549348079947,
        0.10109943797158501,
        0.08721582823257704,
        0.07386496715519779,
        0.06673677772923504,
        0.06047027702396915,
        0.05762235965364639,
        0.05573715653643847,
        0.05426412616708119,
        0.05491248323096085,
        0.05335629970855829,
        0.05343140461647373,
        0.05255171808384913,
        0.051572401742845414,
        0.05034442000684331,
        0.05071833875729031,
        0.05160903010858262,
        0.05172228483961155,
        0.05133697367781614,
        0.04999731492909807,
        0.050104886137294496,
        0.04883369892794423,
        0.04856193380308491,
        0.05040761980857563,
        0.04760402439832098,
        0.047258858951677356,
        0.04703730496508815,
        0.045882656564525656,
        0.04691456399410853,
        0.04445013542558637,
        0.046450255250936136,
        0.04737069657782124,
        0.04495501829808489,
        0.04214442930919396,
        0.042633961902995066,
        0.042509607895743894,
        0.04484053972703982,
        0.04285170730591045,
        0.042825809736391274,
        0.03627052949965889,
        0.03681374190603142,
        0.03815231843184991,
        0.03736764722236937,
        0.03835063496288661,
        0.040650546428016666,
        0.037600592803763294,
        0.040514071092583405,
        0.042522729320494765,
        0.042297040787535836
      ],
      "count_per_k": [
        377,
        377,
        377,
        377,
        377,
        377,
        377,
        376,
        375,
        373,
        369,
        365,
        363,
        349,
        331,
        321,
        305,
        294,
        278,
        261,
        247,
        230,
        219,
        207,
        188,
        168,
        143,
        128,
        116,
        99,
        90,
        82,
        74,
        60,
        52,
        46,
        42,
        37,
        33,
        30,
        26,
        22,
        21,
        20,
        19,
        16,
        15,
        14,
        13,
        12
      ]
    },
    "incorrect": {
      "mean_prefix_mean_nll": [
        0.09436077468664102,
        0.06326644996781886,
        0.04935306502294146,
        0.05043440822378812,
        0.05912323344800047,
        0.057218284140765255,
        0.05977961891342166,
        0.06751352779422959,
        0.072910778042188,
        0.07575300393533714,
        0.07526976056072895,
        0.0788465650588224,
        0.07679116944703834,
        0.08350088398398275,
        0.08348627530057841,
        0.08626773591533848,
        0.0900317430103713,
        0.08700809035408313,
        0.09591733232892874,
        0.0978748118206141,
        0.10102855023602125,
        0.09871802073671011,
        0.0903018629563304,
        0.09253343037053773,
        0.07998364684464776,
        0.07069938082480162,
        0.0742852948109226,
        0.07246467784517083,
        0.07620482231483362,
        0.07684264705996233,
        0.08879708037387968,
        0.09088998605100947,
        0.09236042627410489,
        0.09007287444513211,
        0.08750265005063179,
        0.08848118282695698,
        0.09097889143718063,
        0.09212795773369283,
        0.10007922182219686,
        0.10354723457619186,
        0.12472607487340324,
        0.1218502354659276,
        0.11901651275615444,
        0.1289809877799741,
        0.05014786914984105,
        0.04905773177092088,
        0.048013985753001066,
        0.04810201085787765,
        0.047138405187161087,
        0.04619567999871663
      ],
      "std_prefix_mean_nll": [
        0.12370474687292969,
        0.06968441556864616,
        0.052791218774563,
        0.052597061004187325,
        0.05433622846355726,
        0.05594097893590272,
        0.04955264913075162,
        0.057568362850457605,
        0.06416040591941333,
        0.05702039557400114,
        0.0588444681125788,
        0.058950100096143994,
        0.05396394936960186,
        0.05434855946229794,
        0.056952514394176194,
        0.05678356171013091,
        0.06128167696811675,
        0.056863312799056154,
        0.0555880619633385,
        0.05284734206270983,
        0.05834637531741762,
        0.05920915626299849,
        0.048255818623535306,
        0.04960356131431422,
        0.041519681800784226,
        0.030146434541848947,
        0.03282597970895407,
        0.03353650610915514,
        0.034613599731481974,
        0.034175432910858373,
        0.030326572063199563,
        0.03654144170945743,
        0.04310245856594004,
        0.04226212802809663,
        0.04106042148728566,
        0.043580245711229953,
        0.04635450131905395,
        0.05045795602024639,
        0.04943562434019695,
        0.05703486412587663,
        0.05452503589245317,
        0.05333593987955858,
        0.05209557348917754,
        0.05795300378894796,
        0.0,
        0.0,
        0.0,
        0.0,
        0.0,
        0.0
      ],
      "count_per_k": [
        23,
        23,
        23,
        23,
        23,
        23,
        23,
        23,
        23,
        23,
        23,
        23,
        23,
        22,
        20,
        19,
        19,
        18,
        16,
        16,
        16,
        16,
        14,
        14,
        12,
        11,
        10,
        9,
        9,
        8,
        6,
        6,
        6,
        6,
        6,
        5,
        5,
        5,
        4,
        4,
        3,
        3,
        3,
        3,
        1,
        1,
        1,
        1,
        1,
        1
      ]
    }
  },
  "early_token_aurocs": {
    "first_token_nll": 0.514127551608811,
    "first_1_tokens_mean_nll": 0.514127551608811,
    "first_3_tokens_mean_nll": 0.4832199284972898,
    "first_5_tokens_mean_nll": 0.5187406296851574
  },
  "num_examples_with_stats": 400,
  "num_labeled_examples": 400
}