{
  "aggregated_prefix_curves": {
    "correct": {
      "mean_prefix_mean_nll": [
        0.2800819817402953,
        0.22030736517906271,
        0.19414130196393378,
        0.19610778553301955,
        0.2030257890484255,
        0.20158288212067324,
        0.20578534345060442,
        0.21121232333425657,
        0.21755998495348955,
        0.2181314345521956,
        0.22539985811287527,
        0.23024112835286129,
        0.2325941166673175,
        0.23951061009818106,
        0.24287679865120193,
        0.2507422372898049,
        0.25522742071449706,
        0.2623788160943575,
        0.2709262866835366,
        0.2781950069640599,
        0.28268416612269254,
        0.2882970857126363,
        0.29838903643363296,
        0.3067647364270823,
        0.3148258420564069,
        0.3190476103195015,
        0.33071435035228586,
        0.3392567744093085,
        0.34860211314464284,
        0.3551997181751172,
        0.3601938683708226,
        0.363197318944989,
        0.37380920450383004,
        0.3761645852210608,
        0.39315120914882107,
        0.40830589819776575,
        0.417698508516135,
        0.4190776911168228,
        0.42269981663692074,
        0.4225019956155413,
        0.4187466843778459,
        0.43206443969049396,
        0.4425090895026615,
        0.4429459873473879,
        0.4455655097085991,
        0.4521836451519456,
        0.45099262329278383,
        0.4437367108383247,
        0.4397219131077421,
        0.4555624843157444
      ],
      "std_prefix_mean_nll": [
        0.3089620149609719,
        0.2193182981040831,
        0.1800276703676906,
        0.17578637809872125,
        0.1651682649913597,
        0.16018585573030247,
        0.15840436063511726,
        0.1553480937622613,
        0.1532386964451446,
        0.1483780846055713,
        0.14963280202731488,
        0.15119786631019516,
        0.1508841158314863,
        0.15046797167497933,
        0.15143069648742122,
        0.15149193283900353,
        0.15144161098761086,
        0.1526502813119951,
        0.15742412869378233,
        0.15776145260872196,
        0.15617276023496707,
        0.1568848973018068,
        0.1563432222106749,
        0.155315871187699,
        0.1572429925233347,
        0.15321921712649078,
        0.15063195315437747,
        0.1542681583926118,
        0.15348047442764984,
        0.15462702857137622,
        0.15946685068242955,
        0.1615733276773778,
        0.1602315180564182,
        0.16301539504882723,
        0.16161374006544443,
        0.16044303089606637,
        0.1624222975799868,
        0.1624074095413479,
        0.15717645871309735,
        0.1614479332572844,
        0.16781632728612922,
        0.16122073730890485,
        0.16096091594507933,
        0.1711150353202131,
        0.1669921296890746,
        0.1691069307610693,
        0.1701247544775866,
        0.17200056748730183,
        0.18956910884749914,
        0.1974654812065025
      ],
      "count_per_k": [
        384,
        384,
        384,
        384,
        384,
        384,
        384,
        384,
        383,
        380,
        376,
        371,
        363,
        354,
        348,
        331,
        315,
        303,
        287,
        275,
        263,
        246,
        226,
        214,
        199,
        183,
        169,
        156,
        140,
        126,
        116,
        111,
        100,
        93,
        83,
        72,
        66,
        62,
        52,
        48,
        42,
        35,
        33,
        29,
        27,
        25,
        23,
        20,
        17,
        15
      ]
    },
    "incorrect": {
      "mean_prefix_mean_nll": [
        0.47689742245711386,
        0.4580315293833337,
        0.3596344023829564,
        0.30979887388843963,
        0.2728619761493974,
        0.28852054299128815,
        0.3157483688632315,
        0.3287435376253711,
        0.35086524508703104,
        0.36461843043516645,
        0.36410205920426303,
        0.35280244821531903,
        0.34575018145278597,
        0.3439628186544042,
        0.3423723727309304,
        0.3452082939343351,
        0.35036913015143256,
        0.35793102807471805,
        0.37617758249173744,
        0.3869029118889297,
        0.4080126944673583,
        0.4072749211874678,
        0.42463126089420467,
        0.4287683072279707,
        0.433666980683695,
        0.44745930254031496,
        0.4550857429965416,
        0.4553222412064056,
        0.42095619262371137,
        0.4443688178938676,
        0.4475213527385794,
        0.4731064005684727,
        0.4890185372542056,
        0.48848912427524294,
        0.49464145572371,
        0.49679153983406316,
        0.49194475639819146,
        0.5074603440499279,
        0.5212031813334916,
        0.526207883075161,
        0.5296408586302012,
        0.5270234219353861,
        0.5221045738281935,
        0.529847317370392,
        0.39143365988307377,
        0.3868499032019906,
        0.38176506653117226,
        0.37482531340022734,
        0.368052040729541,
        0.378732181218511
      ],
      "std_prefix_mean_nll": [
        0.38907117501892063,
        0.46859035380052366,
        0.37347921034782655,
        0.2728535179066062,
        0.20779743424696936,
        0.18994024745284044,
        0.16637000188462256,
        0.17249644543830533,
        0.20131547315145826,
        0.20570411536338315,
        0.20291553474841936,
        0.19646648493692845,
        0.1957389435958183,
        0.17452707474660215,
        0.17549938228972858,
        0.16617667726637952,
        0.16491066466081972,
        0.17715731866751697,
        0.18280766000187662,
        0.19044371628057535,
        0.18043993947179537,
        0.1846252519529509,
        0.18809432878550808,
        0.18171349003501586,
        0.18619793749231278,
        0.19214140687198633,
        0.20433798678001996,
        0.20986633986948028,
        0.20560105570798634,
        0.20699759228957476,
        0.1976271879411283,
        0.17911233621543043,
        0.18098669320616959,
        0.17536435893605715,
        0.17532866334746852,
        0.18419173467794914,
        0.20009628029801424,
        0.22341383408542917,
        0.24835794629239974,
        0.2379740747482362,
        0.22134255735353905,
        0.21086907998815455,
        0.2120916365230085,
        0.2151388760476785,
        0.13255002471172098,
        0.13250783322165144,
        0.13107375849621675,
        0.1286948556610999,
        0.12535132986596756,
        0.14016642419592246
      ],
      "count_per_k": [
        16,
        16,
        16,
        16,
        16,
        16,
        16,
        16,
        16,
        16,
        16,
        16,
        16,
        16,
        16,
        15,
        15,
        15,
        14,
        14,
        13,
        13,
        12,
        12,
        11,
        10,
        10,
        10,
        9,
        8,
        8,
        7,
        6,
        6,
        6,
        6,
        5,
        4,
        3,
        3,
        3,
        3,
        3,
        3,
        2,
        2,
        2,
        2,
        2,
        2
      ]
    }
  },
  "early_token_aurocs": {
    "first_token_nll": 0.6661783854166666,
    "first_1_tokens_mean_nll": 0.6661783854166666,
    "first_3_tokens_mean_nll": 0.62841796875,
    "first_5_tokens_mean_nll": 0.60400390625
  },
  "num_examples_with_stats": 400,
  "num_labeled_examples": 400
}