{
  "aggregated_prefix_curves": {
    "correct": {
      "mean_prefix_mean_nll": [
        0.5158736539223184,
        0.34566158586937673,
        0.2641428443901128,
        0.2413316405841059,
        0.22929694387830934,
        0.2247735372843297,
        0.2189301317633926,
        0.21176353740665804,
        0.20508825823633842,
        0.20259914536806928,
        0.19836943061534015,
        0.19679887862094428,
        0.19603205411449862,
        0.19686702306440598,
        0.19597030428211987,
        0.1971852088528637,
        0.19466675634554223,
        0.19381607041183185,
        0.19445445914864995,
        0.1913231628071432,
        0.19121451121623903,
        0.18938246895089597,
        0.19217473703244664,
        0.19212654553681052,
        0.1890734968756852,
        0.18845667965002136,
        0.18636399166734038,
        0.17992359247714154,
        0.1748904960175718,
        0.17562100824159466,
        0.16559329315659752,
        0.1608854566471488,
        0.15631725150748688,
        0.14996398604747257,
        0.1501803210666491,
        0.14643947497635137,
        0.14698747671536738,
        0.13794198318664078,
        0.13964330042687528,
        0.14040097604183738,
        0.14441973026484975,
        0.14634979690553546,
        0.14491675901005466,
        0.1450633449083954,
        0.15004395158012984,
        0.1494109621106832,
        0.14084870822368062,
        0.12890578262172825,
        0.12410655952129943,
        0.12230291154962929
      ],
      "std_prefix_mean_nll": [
        0.3677817677051537,
        0.24042164193728532,
        0.18543942772060068,
        0.15717021508205878,
        0.14631201994036408,
        0.13662355811449534,
        0.13164461676959321,
        0.12629810657268462,
        0.1181630280800766,
        0.11516301284168465,
        0.1119089893109284,
        0.11210436113939626,
        0.1125777253414679,
        0.1081415884748013,
        0.10844698626202011,
        0.11138142757012522,
        0.11152696071870435,
        0.11181481026564027,
        0.11210137884449299,
        0.11123264069495806,
        0.1120159269757485,
        0.11207468705229373,
        0.11261691860750954,
        0.11218967250723608,
        0.11144638512673066,
        0.11158588453577153,
        0.10999893586195457,
        0.1038997858962244,
        0.10151433339895431,
        0.10100732377390853,
        0.09761623960813752,
        0.0931675896319661,
        0.08478026312884362,
        0.08088003724350619,
        0.08192965285266851,
        0.07794835698405281,
        0.07929920332164554,
        0.07831282729542076,
        0.07877563006863764,
        0.0785514561756238,
        0.07970527754146604,
        0.08294728403987017,
        0.0831646369998104,
        0.08323524237490416,
        0.08168311287525695,
        0.08192978764665422,
        0.07538426106790848,
        0.06659707588422888,
        0.06567316796522954,
        0.06422939032683463
      ],
      "count_per_k": [
        379,
        379,
        379,
        379,
        379,
        379,
        379,
        379,
        378,
        376,
        365,
        356,
        347,
        331,
        316,
        303,
        287,
        273,
        253,
        233,
        216,
        193,
        178,
        165,
        146,
        133,
        120,
        112,
        102,
        97,
        91,
        85,
        74,
        63,
        56,
        50,
        44,
        38,
        36,
        33,
        31,
        26,
        26,
        25,
        23,
        22,
        20,
        18,
        17,
        17
      ]
    },
    "incorrect": {
      "mean_prefix_mean_nll": [
        0.5744965342538697,
        0.49392250140330624,
        0.3963088994227408,
        0.3410914039277486,
        0.29646709029853124,
        0.2884363510896484,
        0.28971228154495343,
        0.277268676927027,
        0.2793790353070969,
        0.2622960874060005,
        0.25647917080672994,
        0.25842781625320443,
        0.27391909121453,
        0.25081510915445987,
        0.2470238793807084,
        0.22483973198907278,
        0.21836050520933073,
        0.21232771022149874,
        0.21307782350286117,
        0.218470208239828,
        0.21356112244859018,
        0.21289067265508743,
        0.20406084940761662,
        0.2163621029186042,
        0.19781114851822038,
        0.15637262435539248,
        0.15094061140992124,
        0.15362568935617155,
        0.15552422542087102,
        0.15789427669210757,
        0.16428734886328802,
        0.16802968531978876,
        0.18913660008894856,
        0.18522783464071407,
        0.1809952943884647,
        0.18302394251799747,
        0.1782732031103011,
        0.17393331525253367,
        0.16952120995166553,
        0.16960026262959219,
        0.16892087592403673,
        0.1767621916888813,
        0.1812106624000207,
        0.1773334815383433,
        0.17363473111953578,
        0.16997272843167116,
        0.16658214083605694,
        0.12026032965084395,
        0.10310888263027626,
        0.10107570337542711
      ],
      "std_prefix_mean_nll": [
        0.4185685818648374,
        0.35158729123076465,
        0.3266180782874244,
        0.2456770859243143,
        0.2117754938383458,
        0.18272610486664229,
        0.15674223419100014,
        0.15348815183920778,
        0.1647316463619892,
        0.14996769921615943,
        0.14460739748258067,
        0.14819458074654684,
        0.14651845670386424,
        0.10796614184457302,
        0.1032365983068235,
        0.07148291270807403,
        0.07022852421634163,
        0.07390686805998548,
        0.08100214215710581,
        0.07134069100453816,
        0.07275947170897494,
        0.08250507227266743,
        0.08516274579436679,
        0.10469644963032838,
        0.10271987926844935,
        0.05385636593943507,
        0.051780823633742756,
        0.05113592635005732,
        0.0629723818670353,
        0.07395018685841073,
        0.08942891638886556,
        0.09646341116801817,
        0.11700183044970242,
        0.11593868713387112,
        0.1132765550245566,
        0.12201011909498993,
        0.11870778430122396,
        0.11545340098631858,
        0.11251600613485457,
        0.10868522410728985,
        0.10479912496944356,
        0.09796312709922357,
        0.09035406701976202,
        0.08812463558094713,
        0.08595878689664686,
        0.08406311968271396,
        0.08219795815323029,
        0.030357287699582805,
        0.026018167885105907,
        0.02551699917181395
      ],
      "count_per_k": [
        21,
        21,
        21,
        21,
        21,
        21,
        21,
        21,
        21,
        21,
        21,
        19,
        19,
        17,
        16,
        15,
        12,
        11,
        11,
        10,
        10,
        10,
        9,
        8,
        7,
        6,
        6,
        5,
        5,
        5,
        5,
        5,
        4,
        4,
        4,
        4,
        4,
        4,
        4,
        4,
        4,
        4,
        4,
        4,
        4,
        4,
        4,
        3,
        2,
        2
      ]
    }
  },
  "early_token_aurocs": {
    "first_token_nll": 0.5484357331323031,
    "first_1_tokens_mean_nll": 0.5484357331323031,
    "first_3_tokens_mean_nll": 0.6316120115592411,
    "first_5_tokens_mean_nll": 0.591154667671818
  },
  "num_examples_with_stats": 400,
  "num_labeled_examples": 400
}