{
  "total_tokens_analyzed": 271,
  "position_correlation_nll": -0.16323408684953677,
  "mean_nll": 0.2992645369041999,
  "std_nll": 0.815920101412325,
  "mean_prob": 0.8596046287365964,
  "std_prob": 0.26022066542435046,
  "pos_tag_statistics": {
    "UNKNOWN": {
      "mean_nll": 0.2992645369041999,
      "std_nll": 0.8159201014123251,
      "count": 271
    }
  }
}