{
  "total_tokens_analyzed": 348,
  "position_correlation_nll": -0.22624582922854858,
  "mean_nll": 0.28929080206791324,
  "std_nll": 0.9443384069523406,
  "mean_prob": 0.8789986813979813,
  "std_prob": 0.2489018331058891,
  "pos_tag_statistics": {
    "NUM": {
      "mean_nll": 0.0004522969538811594,
      "std_nll": NaN,
      "count": 1
    },
    "UNKNOWN": {
      "mean_nll": 0.29012318969072026,
      "std_nll": 0.9455742149487554,
      "count": 347
    }
  }
}