Metric,AUROC
G-NLL,0.6365172046564577
Average NLL,0.5679556387940216
Perplexity,0.5679556387940216
Avg Token Prob,0.5575263486467629
RW-G-NLL,0.5178571428571428
SAR,
Semantic Entropy,
