Metric,AUROC
Average NLL,0.6125843780135005
Perplexity,0.6125843780135005
G-NLL,0.6069591771134684
Avg Token Prob,0.6010928961748634
RW-G-NLL,
SAR,
Semantic Entropy,
