{
  "token_stats": {
    "ADJ": {
      "mean": 0.982116839807712,
      "std": 1.4538241202780777,
      "count": 160
    },
    "ADP": {
      "mean": 0.42308246729153737,
      "std": 0.9745224683279876,
      "count": 283
    },
    "ADV": {
      "mean": 1.0176593872408073,
      "std": 1.1331172422350961,
      "count": 18
    },
    "AUX": {
      "mean": 0.45789030775997475,
      "std": 0.7777789662731398,
      "count": 128
    },
    "CCONJ": {
      "mean": 0.6566014687215298,
      "std": 0.8884872135982139,
      "count": 74
    },
    "DET": {
      "mean": 0.5914991534073878,
      "std": 0.8920156265017544,
      "count": 303
    },
    "NOUN": {
      "mean": 0.6759212053423097,
      "std": 1.1873374983911207,
      "count": 448
    },
    "NUM": {
      "mean": 0.4184319831683718,
      "std": 0.9247462642216492,
      "count": 101
    },
    "PART": {
      "mean": 0.3197422538743619,
      "std": 0.9290417903413907,
      "count": 24
    },
    "PRON": {
      "mean": 0.8803185820084763,
      "std": 1.199386256624256,
      "count": 80
    },
    "PROPN": {
      "mean": 0.3982165173250069,
      "std": 0.9555932827586477,
      "count": 641
    },
    "PUNCT": {
      "mean": 0.8482465439686875,
      "std": 1.1691245464923645,
      "count": 254
    },
    "SCONJ": {
      "mean": 0.3676034154680868,
      "std": 0.46448777375806877,
      "count": 6
    },
    "SPACE": {
      "mean": 0.3261907503141926,
      "std": 0.7973289441086703,
      "count": 52
    },
    "UNKNOWN": {
      "mean": 1.2876779698682101,
      "std": 1.2002910894819312,
      "count": 44
    },
    "VERB": {
      "mean": 0.7786815082893817,
      "std": 1.4390724430542583,
      "count": 203
    }
  },
  "word_stats": {
    "ADJ": {
      "mean": 1.1713061384986485,
      "std": 1.576208642407918,
      "count": 131
    },
    "ADP": {
      "mean": 0.43058776413951455,
      "std": 0.9841738246790929,
      "count": 283
    },
    "ADV": {
      "mean": 1.0775217041373253,
      "std": 1.2155338202128159,
      "count": 17
    },
    "AUX": {
      "mean": 0.45789030775997475,
      "std": 0.7777789662731398,
      "count": 128
    },
    "CCONJ": {
      "mean": 0.6187190334541487,
      "std": 0.832287672035918,
      "count": 73
    },
    "DET": {
      "mean": 0.5989632421636019,
      "std": 0.8971753008965,
      "count": 298
    },
    "NOUN": {
      "mean": 0.8515287167543321,
      "std": 1.327740047844355,
      "count": 324
    },
    "NUM": {
      "mean": 1.391889748965252,
      "std": 1.9240485985553712,
      "count": 51
    },
    "PART": {
      "mean": 0.44411902632254574,
      "std": 1.0554364347904448,
      "count": 18
    },
    "PRON": {
      "mean": 0.8678788611261795,
      "std": 1.2190098246862637,
      "count": 75
    },
    "PROPN": {
      "mean": 0.7849703646558436,
      "std": 1.4690921816683469,
      "count": 375
    },
    "PUNCT": {
      "mean": 1.4890038720656804,
      "std": 1.7112812771218064,
      "count": 168
    },
    "SCONJ": {
      "mean": 0.3676034154680868,
      "std": 0.46448777375806877,
      "count": 6
    },
    "SPACE": {
      "mean": 0.5202180870110169,
      "std": NaN,
      "count": 1
    },
    "UNKNOWN": {
      "mean": 5.945366859436035,
      "std": NaN,
      "count": 1
    },
    "VERB": {
      "mean": 0.9163261925098193,
      "std": 1.5271481059033254,
      "count": 175
    }
  }
}