{"acc_p_ik_train_test":0.625,"performance":{"accuracy":{"bootstrap":{"std_err":0.022691767589068868,"low":0.2575,"high":0.33},"mean":0.295}},"validation_accuracy":0.295,"acc_p_ik_train_train":1,"train_accuracy":0.3725,"_wandb":{"runtime":698},"auroc_p_ik_train_test":0.6438095238095238,"_timestamp":1.7448850368590565e+09,"len_p_true":19,"acc_p_ik_eval":0.6675,"converged":true,"_runtime":698.9261437,"_step":4,"auroc_p_ik_eval":0.6765236206274793,"auroc_p_ik_train_train":1,"uncertainty":{"cluster_assignment_entropy":{"accuracy_at_0.8_answer_fraction":{"mean":0.295,"bootstrap":{"low":0.26,"high":0.3325,"std_err":0.021535393499380807}},"accuracy_at_0.9_answer_fraction":{"bootstrap":{"std_err":0.02276132732886577,"low":0.26,"high":0.335},"mean":0.295},"accuracy_at_0.95_answer_fraction":{"bootstrap":{"low":0.25727010423810315,"high":0.33,"std_err":0.023046363674745492},"mean":0.295},"accuracy_at_1.0_answer_fraction":{"mean":0.295,"bootstrap":{"low":0.2575,"high":0.33,"std_err":0.02315240219669392}},"AUROC":{"mean":0.5,"bootstrap":{"low":NaN,"high":NaN,"std_err":0}},"area_under_thresholded_accuracy":{"mean":0.2794736842105263,"bootstrap":{"std_err":0.021804511555858417,"low":0.24631578947368432,"high":0.31847871149876233}},"mean_uncertainty":{"bootstrap":{"high":NaN,"std_err":0,"low":NaN},"mean":0}},"semantic_entropy":{"AUROC":{"mean":0.5011720158672918,"bootstrap":{"std_err":0.011949315767538845,"low":0.47941969061046524,"high":0.5181735977718492}},"area_under_thresholded_accuracy":{"mean":0.2799123732814887,"bootstrap":{"low":0.24783893844044316,"high":0.316164603493266,"std_err":0.02116489864356352}},"mean_uncertainty":{"bootstrap":{"high":8.049116928532383e-18,"std_err":1.2492691068026092e-18,"low":3.8857805861880475e-18},"mean":5.828670879282071e-18},"accuracy_at_0.8_answer_fraction":{"bootstrap":{"std_err":0.023842882756741835,"low":0.25667042421778136,"high":0.3364193332468988},"mean":0.2955145118733509},"accuracy_at_0.9_answer_fraction":{"bootstrap":{"high":0.33481237191387386,"std_err":0.023599760664726212,"low":0.25632456454448815},"mean":0.2955145118733509},"accuracy_at_0.95_answer_fraction":{"mean":0.295,"bootstrap":{"low":0.25779256819327356,"high":0.335,"std_err":0.023435734092124728}},"accuracy_at_1.0_answer_fraction":{"mean":0.295,"bootstrap":{"low":0.2625,"high":0.335,"std_err":0.021662721834230972}}},"regular_entropy_UNANSWERABLE":{"mean_uncertainty":{"bootstrap":{"std_err":0.02900021215636159,"low":0.8969405649977549,"high":0.9895407884525368},"mean":0.9424494320289947},"accuracy_at_0.8_answer_fraction":{"mean":1,"bootstrap":{"low":NaN,"high":NaN,"std_err":0}},"accuracy_at_0.9_answer_fraction":{"bootstrap":{"high":NaN,"std_err":0,"low":NaN},"mean":1},"accuracy_at_0.95_answer_fraction":{"mean":1,"bootstrap":{"high":NaN,"std_err":0,"low":NaN}},"accuracy_at_1.0_answer_fraction":{"bootstrap":{"high":NaN,"std_err":0,"low":NaN},"mean":1},"AUROC":{"mean":NaN,"bootstrap":{"low":NaN,"high":NaN,"std_err":NaN}},"area_under_thresholded_accuracy":{"bootstrap":{"std_err":0,"low":0.9473684210526319,"high":0.9473684210526319},"mean":0.9473684210526319}},"p_ik_UNANSWERABLE":{"accuracy_at_0.8_answer_fraction":{"mean":1,"bootstrap":{"std_err":0,"low":NaN,"high":NaN}},"accuracy_at_0.9_answer_fraction":{"mean":1,"bootstrap":{"std_err":0,"low":NaN,"high":NaN}},"accuracy_at_0.95_answer_fraction":{"mean":1,"bootstrap":{"high":NaN,"std_err":0,"low":NaN}},"accuracy_at_1.0_answer_fraction":{"mean":1,"bootstrap":{"low":NaN,"high":NaN,"std_err":0}},"AUROC":{"mean":NaN,"bootstrap":{"low":NaN,"high":NaN,"std_err":NaN}},"area_under_thresholded_accuracy":{"mean":0.9473684210526319,"bootstrap":{"std_err":0,"low":0.9473684210526319,"high":0.9473684210526319}},"mean_uncertainty":{"bootstrap":{"std_err":0.019945651819121914,"low":0.6270021884157103,"high":0.692012002450674},"mean":0.6605111803443754}},"cluster_assignment_entropy_UNANSWERABLE":{"mean_uncertainty":{"mean":0,"bootstrap":{"std_err":0,"low":NaN,"high":NaN}},"accuracy_at_0.8_answer_fraction":{"bootstrap":{"std_err":0,"low":NaN,"high":NaN},"mean":1},"accuracy_at_0.9_answer_fraction":{"bootstrap":{"std_err":0,"low":NaN,"high":NaN},"mean":1},"accuracy_at_0.95_answer_fraction":{"mean":1,"bootstrap":{"low":NaN,"high":NaN,"std_err":0}},"accuracy_at_1.0_answer_fraction":{"mean":1,"bootstrap":{"std_err":0,"low":NaN,"high":NaN}},"AUROC":{"mean":NaN,"bootstrap":{"std_err":NaN,"low":NaN,"high":NaN}},"area_under_thresholded_accuracy":{"bootstrap":{"std_err":0,"low":0.9473684210526319,"high":0.9473684210526319},"mean":0.9473684210526319}},"p_false_fixed_UNANSWERABLE":{"AUROC":{"bootstrap":{"high":NaN,"std_err":NaN,"low":NaN},"mean":NaN},"area_under_thresholded_accuracy":{"mean":0.9473684210526319,"bootstrap":{"std_err":0,"low":0.9473684210526319,"high":0.9473684210526319}},"mean_uncertainty":{"mean":0.562217060068868,"bootstrap":{"high":0.5651108747139925,"std_err":0.0017285570096755723,"low":0.5593550146345795}},"accuracy_at_0.8_answer_fraction":{"mean":1,"bootstrap":{"std_err":0,"low":NaN,"high":NaN}},"accuracy_at_0.9_answer_fraction":{"bootstrap":{"std_err":0,"low":NaN,"high":NaN},"mean":1},"accuracy_at_0.95_answer_fraction":{"mean":1,"bootstrap":{"std_err":0,"low":NaN,"high":NaN}},"accuracy_at_1.0_answer_fraction":{"mean":1,"bootstrap":{"low":NaN,"high":NaN,"std_err":0}}},"p_ik":{"accuracy_at_0.95_answer_fraction":{"bootstrap":{"low":0.2672776553963779,"high":0.346859927900058,"std_err":0.024434281237057306},"mean":0.30526315789473685},"accuracy_at_1.0_answer_fraction":{"mean":0.295,"bootstrap":{"high":0.335,"std_err":0.02333743850631504,"low":0.26}},"AUROC":{"mean":0.6765236206274793,"bootstrap":{"low":0.6231740506540927,"high":0.7209851750462265,"std_err":0.02860952561153677}},"area_under_thresholded_accuracy":{"mean":0.37409680817712887,"bootstrap":{"std_err":0.031033945940447116,"low":0.32769479567316534,"high":0.4301240262761373}},"mean_uncertainty":{"mean":0.6605111803443754,"bootstrap":{"high":0.6929678964696525,"std_err":0.020195040935869827,"low":0.6273689317942188}},"accuracy_at_0.8_answer_fraction":{"bootstrap":{"low":0.3,"high":0.39375,"std_err":0.027467326796937412},"mean":0.340625},"accuracy_at_0.9_answer_fraction":{"mean":0.32222222222222224,"bootstrap":{"high":0.36711697251641984,"std_err":0.024088601493391253,"low":0.2880886426592798}}},"semantic_entropy_UNANSWERABLE":{"AUROC":{"mean":NaN,"bootstrap":{"high":NaN,"std_err":NaN,"low":NaN}},"area_under_thresholded_accuracy":{"mean":0.9473684210526319,"bootstrap":{"high":0.9473684210526319,"std_err":0,"low":0.9473684210526319}},"mean_uncertainty":{"mean":5.828670879282071e-18,"bootstrap":{"low":4.163336342344336e-18,"high":8.049116928532383e-18,"std_err":1.2036420949021836e-18}},"accuracy_at_0.8_answer_fraction":{"bootstrap":{"low":NaN,"high":NaN,"std_err":0},"mean":1},"accuracy_at_0.9_answer_fraction":{"mean":1,"bootstrap":{"low":NaN,"high":NaN,"std_err":0}},"accuracy_at_0.95_answer_fraction":{"mean":1,"bootstrap":{"low":NaN,"high":NaN,"std_err":0}},"accuracy_at_1.0_answer_fraction":{"bootstrap":{"low":NaN,"high":NaN,"std_err":0},"mean":1}},"p_false":{"accuracy_at_1.0_answer_fraction":{"bootstrap":{"high":0.335,"std_err":0.0228330160430378,"low":0.2575},"mean":0.295},"AUROC":{"bootstrap":{"high":0.6912912521762551,"std_err":0.028693414693407974,"low":0.5991495403783508},"mean":0.6466522418559923},"area_under_thresholded_accuracy":{"bootstrap":{"high":0.4035669932263391,"std_err":0.030100548682368205,"low":0.30647585082165635},"mean":0.35510420658201514},"mean_uncertainty":{"mean":1.829193549901247,"bootstrap":{"low":1.8226875762837798,"high":1.8361629583124819,"std_err":0.004043568799773087}},"accuracy_at_0.8_answer_fraction":{"mean":0.35,"bootstrap":{"high":0.4,"std_err":0.027604323019736948,"low":0.3094780692032383}},"accuracy_at_0.9_answer_fraction":{"bootstrap":{"high":0.3611111111111111,"std_err":0.02514102648557755,"low":0.2777777777777778},"mean":0.31666666666666665},"accuracy_at_0.95_answer_fraction":{"bootstrap":{"high":0.34210526315789475,