{
  "aggregated_prefix_curves": {
    "correct": {
      "mean_prefix_mean_nll": [
        0.2534880514830891,
        0.17212408012770536,
        0.13396586050950293,
        0.12673476575016993,
        0.12319048904722625,
        0.12404846126491952,
        0.12010063014293895,
        0.11944316236361796,
        0.11920384768017271,
        0.11901898424577137,
        0.1217311723512419,
        0.12423099842294458,
        0.1268718917624854,
        0.13030417474737155,
        0.1335499295700219,
        0.13481673987328668,
        0.13552002632659463,
        0.1375013880131959,
        0.13755210024095238,
        0.1378581471405208,
        0.1375921759768444,
        0.1416215347723342,
        0.1405893016445925,
        0.14552949928350997,
        0.1477515418154339,
        0.1486516275004299,
        0.1495036709880348,
        0.14948453936442047,
        0.1523737394227918,
        0.15532771890164845,
        0.15702996894246343,
        0.1623541009123195,
        0.16310685418405418,
        0.16141607160728252,
        0.16378232660612224,
        0.17006187973943446,
        0.17396749270754955,
        0.16445290702818616,
        0.16314407302804187,
        0.16562733203781077,
        0.16166977756227532,
        0.15756714201928512,
        0.1564892741725786,
        0.16199809552245775,
        0.1540248213615795,
        0.1602792039883329,
        0.16013928290177412,
        0.16055123377495528,
        0.1626985979883976,
        0.15427500409926245
      ],
      "std_prefix_mean_nll": [
        0.2717199583858445,
        0.1669344581336788,
        0.12894187906607518,
        0.11364376994065058,
        0.10528402740710595,
        0.1017171782784497,
        0.09469692109655568,
        0.09031105630048103,
        0.08547031517140807,
        0.08335070119787641,
        0.08182186450643973,
        0.08217175951453412,
        0.08298330105512365,
        0.08242147361458214,
        0.08261293653359786,
        0.08157727782099092,
        0.08169196153733164,
        0.08248356827375719,
        0.081579135220941,
        0.07881582948912562,
        0.07833276800932819,
        0.07906323914182474,
        0.07821614616727389,
        0.07674793035588146,
        0.07562346859690089,
        0.07499908101711074,
        0.0767544391241553,
        0.07814016618741622,
        0.0771437060381572,
        0.07736376148242619,
        0.07706650020226458,
        0.08037582072830968,
        0.08035334296292708,
        0.08156450789349927,
        0.0849894290345044,
        0.08463811796328871,
        0.08378059996271037,
        0.07755002223787567,
        0.07721000963139925,
        0.07548192694028136,
        0.06778511732556876,
        0.06601154674212571,
        0.06597159317941255,
        0.06566981082223708,
        0.0634403368999656,
        0.06343795716952345,
        0.06622126672022817,
        0.06601147981288537,
        0.06893316287177362,
        0.06608769055495713
      ],
      "count_per_k": [
        386,
        386,
        386,
        386,
        386,
        386,
        386,
        385,
        384,
        382,
        379,
        375,
        371,
        362,
        354,
        336,
        322,
        314,
        301,
        286,
        265,
        245,
        227,
        205,
        192,
        173,
        158,
        142,
        131,
        121,
        109,
        91,
        85,
        74,
        65,
        56,
        48,
        43,
        38,
        35,
        32,
        31,
        30,
        24,
        22,
        20,
        17,
        14,
        13,
        12
      ]
    },
    "incorrect": {
      "mean_prefix_mean_nll": [
        0.3955398195539601,
        0.3199981436455346,
        0.24204889223827308,
        0.22229781593822043,
        0.1943262561968733,
        0.2046394240635416,
        0.21160112645025883,
        0.20299989154986772,
        0.19794737929380052,
        0.19121309464533207,
        0.1822299388967324,
        0.17409679945530065,
        0.1798645430575882,
        0.18504499111466946,
        0.1881115922469969,
        0.19613970667854536,
        0.2088551664108975,
        0.2164816601994831,
        0.2116974918638335,
        0.20924167803834845,
        0.20749886754210556,
        0.20483870840851864,
        0.19645333827254557,
        0.2095980042767232,
        0.20599141960227363,
        0.20611088541341555,
        0.20041015661198314,
        0.21603984077799634,
        0.40304780333134277,
        0.38979215324662275,
        0.3773776279353052,
        0.3656590982496706,
        0.35550838770224874,
        0.3450531982868968,
        0.33557503386242615,
        0.32625575678369656,
        0.3174382462701423,
        NaN,
        NaN,
        NaN,
        NaN,
        NaN,
        NaN,
        NaN,
        NaN,
        NaN,
        NaN,
        NaN,
        NaN,
        NaN
      ],
      "std_prefix_mean_nll": [
        0.39182258843735845,
        0.3127842703714288,
        0.22756435337597736,
        0.2447011870788144,
        0.2195376993428587,
        0.17049018235943686,
        0.15195613825000473,
        0.1252316195976192,
        0.11341616190639478,
        0.09988686214749307,
        0.0886941277665434,
        0.06339669374826329,
        0.0594400189205505,
        0.06098694110300026,
        0.06856519864432892,
        0.07841826064715715,
        0.08392292891903452,
        0.09748267975001643,
        0.10168305428941311,
        0.12004248127138052,
        0.12755970662559646,
        0.14323439529422158,
        0.13670226351127823,
        0.14176103100713722,
        0.13422721934603277,
        0.13910071988535258,
        0.13703814156714447,
        0.14565516142384377,
        0.0,
        0.0,
        0.0,
        0.0,
        0.0,
        0.0,
        0.0,
        0.0,
        0.0,
        NaN,
        NaN,
        NaN,
        NaN,
        NaN,
        NaN,
        NaN,
        NaN,
        NaN,
        NaN,
        NaN,
        NaN,
        NaN
      ],
      "count_per_k": [
        14,
        14,
        14,
        14,
        14,
        14,
        14,
        14,
        14,
        14,
        14,
        13,
        13,
        13,
        13,
        13,
        13,
        11,
        11,
        9,
        8,
        5,
        5,
        4,
        4,
        4,
        4,
        3,
        1,
        1,
        1,
        1,
        1,
        1,
        1,
        1,
        1,
        0,
        0,
        0,
        0,
        0,
        0,
        0,
        0,
        0,
        0,
        0,
        0,
        0
      ]
    }
  },
  "early_token_aurocs": {
    "first_token_nll": 0.5875277572168763,
    "first_1_tokens_mean_nll": 0.5875277572168763,
    "first_3_tokens_mean_nll": 0.6367505551443374,
    "first_5_tokens_mean_nll": 0.5516284233900814
  },
  "num_examples_with_stats": 400,
  "num_labeled_examples": 400
}