{
  "aggregated_prefix_curves": {
    "correct": {
      "mean_prefix_mean_nll": [
        0.3165434448250768,
        0.23568773419151884,
        0.19444242415626833,
        0.1789761393811794,
        0.17324770968833503,
        0.16785027358243515,
        0.16491352251124616,
        0.16254927188558904,
        0.16240588601584585,
        0.16635908422027817,
        0.16996087698023515,
        0.17469903149499347,
        0.1780556670660127,
        0.18506147566364364,
        0.191181885705546,
        0.19286157913016377,
        0.1975151651556536,
        0.2021288733807095,
        0.20666871890269095,
        0.2093476478467641,
        0.21476161923558892,
        0.21677336945333806,
        0.21667560563633334,
        0.21933662551198452,
        0.22660020732233863,
        0.23177308521466936,
        0.24001770949349124,
        0.23998532403479156,
        0.2407462131777731,
        0.24028160404159718,
        0.24471737432918164,
        0.2453792917205676,
        0.24857435590692448,
        0.25578035051215053,
        0.26153470622466646,
        0.2653300094929851,
        0.26347494516525616,
        0.2648077691189459,
        0.2667558625909342,
        0.27009110799212976,
        0.2724506866138687,
        0.27322347876045805,
        0.28826117939923007,
        0.2971559930945957,
        0.30651542448204655,
        0.30866596314773304,
        0.3100869215531665,
        0.31095788579522254,
        0.31427043702854174,
        0.31441440657232306
      ],
      "std_prefix_mean_nll": [
        0.3124618142521153,
        0.20932105160210704,
        0.17571279720383648,
        0.15041134572008671,
        0.13540739502572735,
        0.12357246218839578,
        0.11972802546109602,
        0.11420146587352559,
        0.1161008182638721,
        0.11644735516179533,
        0.11927432261514533,
        0.12165133126243245,
        0.12106781053006238,
        0.12320846012888208,
        0.12380335005166557,
        0.1201428278479268,
        0.12229151802489253,
        0.12248354607802676,
        0.12485142668630221,
        0.12427087230904994,
        0.12384210179264056,
        0.12182122604578254,
        0.1238015745118591,
        0.12270137276329071,
        0.12559703454357365,
        0.12748589772128058,
        0.131101930970108,
        0.1288250998271577,
        0.12984706292320483,
        0.1306293630704028,
        0.12897542813278876,
        0.12912720254088028,
        0.1324656890647187,
        0.13419798238460554,
        0.13626207790455083,
        0.13506066667657196,
        0.1253881895283193,
        0.12462206863435149,
        0.12713878157040234,
        0.12824135015864696,
        0.12931682039329812,
        0.13140478299754255,
        0.133349855113998,
        0.1342924707652978,
        0.1364325387316559,
        0.13848063508114655,
        0.137591266152249,
        0.13920336873911504,
        0.14013881754571914,
        0.14009601440984978
      ],
      "count_per_k": [
        366,
        366,
        366,
        366,
        366,
        365,
        365,
        365,
        358,
        346,
        334,
        321,
        311,
        297,
        286,
        273,
        255,
        244,
        226,
        216,
        205,
        193,
        177,
        169,
        155,
        146,
        137,
        126,
        124,
        118,
        110,
        105,
        97,
        84,
        74,
        72,
        68,
        61,
        58,
        55,
        50,
        49,
        45,
        42,
        39,
        38,
        35,
        35,
        33,
        33
      ]
    },
    "incorrect": {
      "mean_prefix_mean_nll": [
        0.46393733493545475,
        0.3227596917820526,
        0.25057919029341197,
        0.22145335840187053,
        0.20531398544610777,
        0.1926973991727425,
        0.19062851602914443,
        0.19069211771625724,
        0.1856924574076134,
        0.19645555177082635,
        0.2097780377343958,
        0.2155407095808326,
        0.21698309726894913,
        0.21680055947519544,
        0.21204950182443652,
        0.21009213902706944,
        0.21802372949136647,
        0.21540815860517526,
        0.21406555431064853,
        0.21482845215353497,
        0.22479219654496982,
        0.22580187556674328,
        0.22531346218906773,
        0.22787010438014696,
        0.2405544462391019,
        0.24606515382756555,
        0.26001886063515145,
        0.2628785855421016,
        0.26382838541330406,
        0.2631431226200368,
        0.2604041737319548,
        0.25639691035403167,
        0.22996274717209594,
        0.22794003428639933,
        0.22492228324844593,
        0.22474387743106145,
        0.22046001004140145,
        0.21514590951428708,
        0.21344746409119003,
        0.2115536674376173,
        0.20822886139754246,
        0.20376292401686,
        0.18222915324186667,
        0.1782082100798003,
        0.2068174646407897,
        0.20234149921046318,
        0.19804015852736134,
        0.16187435909246992,
        0.15859009622567546,
        0.15543647022419463
      ],
      "std_prefix_mean_nll": [
        0.3936290224221946,
        0.21347059089875756,
        0.16584121705629726,
        0.16028491859548985,
        0.15931209817380962,
        0.1363427211144405,
        0.11669918815420913,
        0.11615401895490812,
        0.10622048300891575,
        0.10553027647798613,
        0.10586229566217287,
        0.1026553472241519,
        0.10137444513978573,
        0.09391044967672786,
        0.09281362176968934,
        0.08323468947657767,
        0.08181589118983082,
        0.0767869688006282,
        0.06990418406171406,
        0.07704680526062159,
        0.08014608298172018,
        0.08232447099779104,
        0.082616909795509,
        0.08189382668499585,
        0.0792944824780165,
        0.08230760737837933,
        0.07832240854116142,
        0.07817945554360115,
        0.0853863439804509,
        0.08743645437452298,
        0.0850639458913434,
        0.07986674991796436,
        0.06438703749217502,
        0.06869471091624352,
        0.07007839776939216,
        0.06606281214784135,
        0.06581311927749896,
        0.064149908079871,
        0.06348048180190284,
        0.06632368628081853,
        0.06307935309779557,
        0.061866368460821275,
        0.05079762701539167,
        0.04954636332248166,
        0.03455273494252349,
        0.03381095983316933,
        0.03309499231892836,
        0.0,
        0.0,
        0.0
      ],
      "count_per_k": [
        34,
        34,
        34,
        34,
        34,
        34,
        34,
        34,
        33,
        33,
        33,
        33,
        32,
        30,
        30,
        29,
        27,
        27,
        25,
        23,
        23,
        22,
        20,
        19,
        18,
        17,
        13,
        12,
        11,
        9,
        9,
        9,
        7,
        7,
        7,
        7,
        7,
        7,
        7,
        6,
        6,
        6,
        5,
        5,
        2,
        2,
        2,
        1,
        1,
        1
      ]
    }
  },
  "early_token_aurocs": {
    "first_token_nll": 0.6358887817422051,
    "first_1_tokens_mean_nll": 0.6358887817422051,
    "first_3_tokens_mean_nll": 0.6194953391192541,
    "first_5_tokens_mean_nll": 0.5515911282545806
  },
  "num_examples_with_stats": 400,
  "num_labeled_examples": 400
}