Metric,AUROC
Average NLL,0.7594105113636365
Perplexity,0.7594105113636365
G-NLL,0.7589962121212122
Avg Token Prob,0.7401160037878788
RW-G-NLL,0.5
SAR,
Semantic Entropy,
