{
  "NLL^p (Pure)": {
    "1.0": 0.7240506329113925,
    "1.5": 0.7574683544303799,
    "2.0": 0.7721518987341772,
    "2.5": 0.7812658227848102,
    "3.0": 0.7848101265822784,
    "3.5": 0.7868354430379746,
    "4.0": 0.7878481012658227,
    "4.5": 0.7878481012658227,
    "5.0": 0.7878481012658228,
    "5.5": 0.7858227848101266,
    "6.0": 0.7858227848101266,
    "6.5": 0.7853164556962026,
    "7.0": 0.7848101265822784,
    "7.5": 0.7827848101265824,
    "8.0": 0.7827848101265824,
    "8.5": 0.7827848101265824,
    "9.0": 0.7822784810126583,
    "9.5": 0.7827848101265824,
    "10.0": 0.7822784810126583
  },
  "NLL^p \u00d7 Middle": {
    "1.0": 0.7488607594936708,
    "1.5": 0.788860759493671,
    "2.0": 0.8010126582278482,
    "2.5": 0.8101265822784811,
    "3.0": 0.8131645569620253,
    "3.5": 0.8151898734177215,
    "4.0": 0.8156962025316457,
    "4.5": 0.8182278481012659,
    "5.0": 0.8177215189873418,
    "5.5": 0.8187341772151899,
    "6.0": 0.8192405063291139,
    "6.5": 0.819746835443038,
    "7.0": 0.8202531645569621,
    "7.5": 0.8207594936708861,
    "8.0": 0.8217721518987342,
    "8.5": 0.8217721518987342,
    "9.0": 0.8217721518987342,
    "9.5": 0.8222784810126582,
    "10.0": 0.8222784810126582
  },
  "NLL^p + Negate End": {
    "1.0": 0.7615189873417721,
    "1.5": 0.7913924050632911,
    "2.0": 0.8050632911392406,
    "2.5": 0.8162025316455697,
    "3.0": 0.8243037974683545,
    "3.5": 0.830886075949367,
    "4.0": 0.8329113924050633,
    "4.5": 0.8364556962025317,
    "5.0": 0.8405063291139241,
    "5.5": 0.8400000000000001,
    "6.0": 0.840506329113924,
    "6.5": 0.8394936708860758,
    "7.0": 0.8384810126582278,
    "7.5": 0.8379746835443038,
    "8.0": 0.8349367088607595,
    "8.5": 0.8318987341772152,
    "9.0": 0.830886075949367,
    "9.5": 0.8288607594936709,
    "10.0": 0.8243037974683545
  },
  "Uniform (G-NLL)": {
    "1.0": 0.4967088607594937,
    "1.5": 0.4967088607594937,
    "2.0": 0.4967088607594937,
    "2.5": 0.4967088607594937,
    "3.0": 0.4967088607594937,
    "3.5": 0.4967088607594937,
    "4.0": 0.4967088607594937,
    "4.5": 0.4967088607594937,
    "5.0": 0.4967088607594937,
    "5.5": 0.4967088607594937,
    "6.0": 0.4967088607594937,
    "6.5": 0.4967088607594937,
    "7.0": 0.4967088607594937,
    "7.5": 0.4967088607594937,
    "8.0": 0.4967088607594937,
    "8.5": 0.4967088607594937,
    "9.0": 0.4967088607594937,
    "9.5": 0.4967088607594937,
    "10.0": 0.4967088607594937
  }
}