{
  "aggregated_prefix_curves": {
    "correct": {
      "mean_prefix_mean_nll": [
        0.44318654334890734,
        0.3432417629781879,
        0.3483241916700529,
        0.33266616029856866,
        0.3228474563681119,
        0.3215178769324698,
        0.32218700280745055,
        0.3220101972314544,
        0.3233637562329852,
        0.3260935859282055,
        0.3311857437538877,
        0.3407422945674773,
        0.344976269135775,
        0.35174281316939177,
        0.3549185377075245,
        0.36789828368059146,
        0.37572515956842284,
        0.38523897309653987,
        0.3933584397019211,
        0.40162103166990576,
        0.4071612257639332,
        0.4024501483158968,
        0.40534594499787824,
        0.41035073201755357,
        0.4167423902146054,
        0.41120406203749116,
        0.4144465362958806,
        0.4295271958151044,
        0.4362834943969631,
        0.4410350249212633,
        0.4561472807880591,
        0.46210078175994934,
        0.47773973664016517,
        0.49285558638750143,
        0.5003156461190318,
        0.51487024762563,
        0.5068827941270724,
        0.5009525392020995,
        0.504127343354391,
        0.49728983866282994,
        0.5114454127215526,
        0.514599995710612,
        0.5181831709719402,
        0.5244742636900899,
        0.520775571538065,
        0.5209539348601291,
        0.4868442597305929,
        0.49042328451551614,
        0.4911472418153378,
        0.4764169277077509
      ],
      "std_prefix_mean_nll": [
        0.39084830426870365,
        0.290457656195195,
        0.27271290011519633,
        0.25031211738527254,
        0.2266318836061458,
        0.20839928952410902,
        0.20339501166085455,
        0.1928216013768665,
        0.18944386516588466,
        0.18566640869247142,
        0.18815680214941757,
        0.183510263591483,
        0.18098514962675166,
        0.1819865073923494,
        0.18334285727811708,
        0.1824592158747689,
        0.18454938985643915,
        0.18552592519566813,
        0.18703299654022107,
        0.18554342512721583,
        0.18744530374494633,
        0.18384187621713452,
        0.18179910027580537,
        0.18166161802504074,
        0.17710211930335712,
        0.17827192390410038,
        0.17421423976312347,
        0.17085175129693556,
        0.16443196019715045,
        0.16465959877032535,
        0.16885523132868369,
        0.17284859578459455,
        0.17055944488610666,
        0.17637676950727932,
        0.1798636468591231,
        0.17510209855731826,
        0.17500594668129862,
        0.17456928799874757,
        0.1706100580233515,
        0.17294164151961502,
        0.16664668779888103,
        0.16944026902550838,
        0.16999788512235706,
        0.17502582570709535,
        0.17797383240846226,
        0.17688358829112863,
        0.14171899023444431,
        0.14291834666527042,
        0.15077806549809272,
        0.15231129489214604
      ],
      "count_per_k": [
        249,
        249,
        249,
        248,
        248,
        245,
        245,
        244,
        239,
        234,
        232,
        224,
        222,
        213,
        207,
        197,
        186,
        180,
        166,
        156,
        148,
        143,
        138,
        125,
        115,
        104,
        95,
        87,
        76,
        72,
        65,
        62,
        60,
        53,
        45,
        38,
        34,
        32,
        31,
        26,
        24,
        22,
        22,
        21,
        20,
        20,
        17,
        16,
        15,
        14
      ]
    },
    "incorrect": {
      "mean_prefix_mean_nll": [
        0.7686728754586584,
        0.6693666014247753,
        0.6465404818710052,
        0.5962567960744369,
        0.575737772932662,
        0.5674224530469961,
        0.5659519395695414,
        0.5634416287579758,
        0.5596323832121609,
        0.5510487322623259,
        0.5537466126355864,
        0.5554717856490996,
        0.5567389492519169,
        0.5592331033753966,
        0.5596090534526138,
        0.5616351726024281,
        0.5667409808821234,
        0.5778668779888821,
        0.588162337236178,
        0.5954228365777516,
        0.5977000812090365,
        0.6029507632142871,
        0.6075446321450122,
        0.616596298155644,
        0.6356036495053377,
        0.6427349472810236,
        0.6488530877156716,
        0.6530279580387913,
        0.6431226486839691,
        0.649064350203591,
        0.6638083906603357,
        0.664469118026969,
        0.6678148838312723,
        0.6687043522073024,
        0.6840553173942254,
        0.6985537475264106,
        0.6994010943900207,
        0.7017324391664966,
        0.7005863392241527,
        0.7108618276370599,
        0.7022661764779999,
        0.7159497924437289,
        0.7013606479958864,
        0.6978524195391079,
        0.7294793686319769,
        0.7301650265521153,
        0.730318145940388,
        0.7330279624877329,
        0.7274557004862943,
        0.6968120914831756
      ],
      "std_prefix_mean_nll": [
        0.537228374846971,
        0.5010140518373252,
        0.4665599427453891,
        0.4276958891178536,
        0.39396593388205947,
        0.3648176821631483,
        0.35353618960788613,
        0.34552899998247005,
        0.3407626981336773,
        0.32142132541350116,
        0.31532572957599575,
        0.2998177309400147,
        0.29561435296052796,
        0.29324825158834056,
        0.28639582033131816,
        0.28056505499987056,
        0.27198623489242524,
        0.2690742327625642,
        0.26978422471266733,
        0.2744653005894019,
        0.2750362920691152,
        0.2798036442991004,
        0.27881808139104014,
        0.2802246903085299,
        0.27003951495188366,
        0.2649826015250429,
        0.2591809249075157,
        0.2646878740073785,
        0.2600718577768158,
        0.26269814140593933,
        0.2602897154575679,
        0.2618902901995541,
        0.26481136076742023,
        0.270286820001588,
        0.27037210167056147,
        0.26915477486148376,
        0.2736153897997478,
        0.2708340118474773,
        0.2710813341591779,
        0.27099604764428836,
        0.26666399121808143,
        0.27622318658836614,
        0.2762468230221246,
        0.28151663000544064,
        0.27081433363830104,
        0.2641484660296027,
        0.25865965469269075,
        0.26437394633680344,
        0.2599147216904692,
        0.23330634018683072
      ],
      "count_per_k": [
        151,
        151,
        151,
        150,
        149,
        149,
        149,
        148,
        147,
        145,
        141,
        137,
        135,
        132,
        131,
        130,
        128,
        124,
        122,
        119,
        115,
        111,
        107,
        102,
        94,
        89,
        83,
        78,
        76,
        71,
        66,
        62,
        59,
        56,
        53,
        51,
        50,
        48,
        47,
        43,
        42,
        38,
        31,
        29,
        25,
        25,
        25,
        24,
        24,
        22
      ]
    }
  },
  "early_token_aurocs": {
    "first_token_nll": 0.6828107130508789,
    "first_1_tokens_mean_nll": 0.6828107130508789,
    "first_3_tokens_mean_nll": 0.6927311896592995,
    "first_5_tokens_mean_nll": 0.6929173648235326
  },
  "num_examples_with_stats": 400,
  "num_labeled_examples": 400
}