Metric,AUROC
G-NLL,0.713416753562739
Average NLL,0.6097787046692156
Perplexity,0.6097787046692156
Avg Token Prob,0.5844629822732013
RW-G-NLL,0.5777777777777777
SAR,0.5434045881126173
Semantic Entropy,
