{"validation_accuracy":0.2975,"_wandb":{"runtime":167},"_runtime":166.9963642,"_step":1,"train_accuracy":0.32,"_timestamp":1.7446640615857282e+09}