Metric,AUROC
Average NLL,0.6688150158299411
Perplexity,0.6688150158299411
Avg Token Prob,0.6638964269561284
G-NLL,0.653974445952058
RW-G-NLL,
SAR,
Semantic Entropy,
