Metric,AUROC
G-NLL,0.7069159720657805
Average NLL,0.5400615754299016
Perplexity,0.5400615754299016
Avg Token Prob,0.5223648969988235
RW-G-NLL,0.3966329966329966
SAR,
Semantic Entropy,
