Metric,AUROC
G-NLL,0.5739822396494061
RW-G-NLL,0.5601307189542484
Avg Token Prob,0.5307346326836582
Perplexity,0.5166647445508015
Average NLL,0.5166647445508015
SAR,
Semantic Entropy,
