{
  "aggregated_prefix_curves": {
    "correct": {
      "mean_prefix_mean_nll": [
        0.1945385948649015,
        0.11872181252288039,
        0.11050412437267691,
        0.09864490739202997,
        0.09450275860384894,
        0.09538024696284543,
        0.09637603428928118,
        0.09777106086562583,
        0.0989229506538362,
        0.10067303531658207,
        0.10272227973153052,
        0.10382512583214286,
        0.10497226026659266,
        0.10816102193797539,
        0.10852178976773662,
        0.10986796671305452,
        0.11178141704350594,
        0.11463117178943716,
        0.11587536554183146,
        0.11776273719657201,
        0.11983893844228723,
        0.11859744686760632,
        0.11901539646763756,
        0.11944774634005914,
        0.11818105372101032,
        0.11841957527620278,
        0.11938865662275606,
        0.12394523089586373,
        0.1176258813441341,
        0.11688560642267198,
        0.1216160944028749,
        0.11656716587426379,
        0.11690072572177497,
        0.12133890420958912,
        0.12300983723548452,
        0.1225000435121283,
        0.1261973236893986,
        0.12821763115429638,
        0.12868400906272232,
        0.1319579209345279,
        0.14306791409974268,
        0.1406573728837279,
        0.13614394540310068,
        0.14708448384181624,
        0.15368211564927886,
        0.15552998476509095,
        0.16909526605789116,
        0.17148450647423488,
        0.16892654792924683,
        0.16780737953159028
      ],
      "std_prefix_mean_nll": [
        0.2555572948227194,
        0.14531786013246195,
        0.13054283959907048,
        0.10945472633498868,
        0.098741401698388,
        0.0934923037475612,
        0.08777199662989112,
        0.08207958002035236,
        0.08062959716959908,
        0.07695386694158517,
        0.07580645046177598,
        0.07444943913774206,
        0.07398460206227783,
        0.07205075074379343,
        0.07058846350537513,
        0.07043992734990054,
        0.06937339841540884,
        0.06660520259627854,
        0.06549514895736622,
        0.06556284243316216,
        0.0663862774923939,
        0.06569820513395176,
        0.06483142421001666,
        0.06474643664695602,
        0.06467152937159161,
        0.06266103312446966,
        0.06180338284140682,
        0.06349246527672826,
        0.05646245098519231,
        0.0554905961888574,
        0.05708669792099784,
        0.0480304149908917,
        0.051103025722899896,
        0.050422548582369706,
        0.050001301262236564,
        0.050479753493104906,
        0.052798385683843665,
        0.04947988289447815,
        0.04828794120698556,
        0.046594393313758316,
        0.0424643791278845,
        0.04467703529173397,
        0.0456585878238026,
        0.0365142198576855,
        0.038225418222444324,
        0.038169227104693906,
        0.03171555996478224,
        0.030799590368049082,
        0.03089802308191968,
        0.03077541489936369
      ],
      "count_per_k": [
        275,
        275,
        275,
        274,
        274,
        274,
        273,
        271,
        268,
        260,
        255,
        251,
        242,
        237,
        231,
        213,
        204,
        190,
        177,
        166,
        155,
        143,
        136,
        128,
        117,
        104,
        97,
        85,
        67,
        57,
        52,
        43,
        36,
        34,
        33,
        31,
        27,
        21,
        20,
        17,
        15,
        11,
        10,
        9,
        8,
        8,
        6,
        6,
        5,
        5
      ]
    },
    "incorrect": {
      "mean_prefix_mean_nll": [
        0.24035199803533033,
        0.2117096557131027,
        0.19710109067379064,
        0.2005019134997664,
        0.19528268267125834,
        0.19362777448846547,
        0.18319916873466907,
        0.18182365562768182,
        0.17980575559537995,
        0.1770013786847664,
        0.17216491944843695,
        0.16932314664545,
        0.17232748770809392,
        0.1656950105883628,
        0.16367813832828512,
        0.1616739560495237,
        0.1611681640633667,
        0.15797277736407755,
        0.16110229090731842,
        0.1585521476151479,
        0.16125956982590622,
        0.16605143221397764,
        0.17088625460496248,
        0.17245104737392614,
        0.1647369199406861,
        0.16372002287199441,
        0.16429144113833913,
        0.15415136476085153,
        0.1510923851609449,
        0.15974764269485162,
        0.15768404838568742,
        0.14672237856535228,
        0.1490785043500264,
        0.15219305881358858,
        0.13118244448038965,
        0.13069876275700615,
        0.13508012451921228,
        0.13547309220385106,
        0.13702966769434638,
        0.13767756141575876,
        0.13893195648123885,
        0.1369941314965047,
        0.13703678329672497,
        0.13723192491924202,
        0.14591818819459798,
        0.15969690247111215,
        0.16382443601182667,
        0.14668734782421244,
        0.14908017019881184,
        0.14686997407839075
      ],
      "std_prefix_mean_nll": [
        0.27562469077485846,
        0.2267466479774333,
        0.19449356507557014,
        0.17621504120295303,
        0.17182288012430594,
        0.16071672752733016,
        0.14959063692072883,
        0.14190355487190973,
        0.1324651698041788,
        0.12605522764817992,
        0.12267777115617239,
        0.12215504938263493,
        0.12060567022788408,
        0.1156034444927929,
        0.11407575058450423,
        0.11123305789708038,
        0.109297273522356,
        0.10330405350671465,
        0.09999793454456994,
        0.09962065165717475,
        0.09700490124665145,
        0.09789390452205292,
        0.09463704941443217,
        0.0907057881808184,
        0.08784125518179113,
        0.08389365335711249,
        0.08330619942626112,
        0.08212144485965374,
        0.08201399452653103,
        0.0869827395877141,
        0.08708971328741595,
        0.08838454344296026,
        0.08818292030607675,
        0.09319045748001448,
        0.05672586160550791,
        0.05892817006375154,
        0.060402316037174074,
        0.057690624312787694,
        0.058616149298049314,
        0.06417439685694963,
        0.06339245058112605,
        0.058601029988732366,
        0.05978792237593639,
        0.06176678878820024,
        0.05766168160485884,
        0.04742138748567386,
        0.05073394134617175,
        0.03387854599005428,
        0.036366984543068956,
        0.035698593762304366
      ],
      "count_per_k": [
        125,
        125,
        124,
        124,
        124,
        123,
        122,
        120,
        118,
        117,
        116,
        115,
        109,
        105,
        102,
        97,
        94,
        90,
        83,
        80,
        73,
        68,
        65,
        62,
        56,
        54,
        48,
        39,
        38,
        30,
        28,
        24,
        22,
        19,
        16,
        14,
        12,
        12,
        11,
        10,
        10,
        7,
        7,
        7,
        6,
        5,
        5,
        4,
        4,
        4
      ]
    }
  },
  "early_token_aurocs": {
    "first_token_nll": 0.5770181818181819,
    "first_1_tokens_mean_nll": 0.5770181818181819,
    "first_3_tokens_mean_nll": 0.6491636363636364,
    "first_5_tokens_mean_nll": 0.689658181818182
  },
  "num_examples_with_stats": 400,
  "num_labeled_examples": 400
}