{
  "aggregated_prefix_curves": {
    "correct": {
      "mean_prefix_mean_nll": [
        0.6824369133211201,
        0.44682010624194857,
        0.39250838143746214,
        0.3687424335104553,
        0.3499779155021288,
        0.32967255710373966,
        0.31704838776836075,
        0.3058804346045487,
        0.29291391461819843,
        0.283932837685513,
        0.2823479960439366,
        0.27923542537246765,
        0.27616258940632576,
        0.27467404843473586,
        0.2680647194394784,
        0.2617636519154175,
        0.2537811572689845,
        0.24876940198971534,
        0.2504555352623312,
        0.247654041338786,
        0.23913557278018233,
        0.2293958825910177,
        0.22534702547056013,
        0.21383919553187447,
        0.20686829598762496,
        0.20262951811347485,
        0.18830189390764138,
        0.1832247664403323,
        0.18976038811914522,
        0.1926446003387694,
        0.19468877212485886,
        0.19147041864683056,
        0.18647537960052438,
        0.1787856290738666,
        0.1798046786330254,
        0.1763424419053089,
        0.17939082551021668,
        0.1771523148074404,
        0.1753736281331624,
        0.16135256696782982,
        0.16296729736539783,
        0.16083523211392065,
        0.15896755623791498,
        0.15604253554009986,
        0.15404742430641155,
        0.15291954935904117,
        0.15268228165627248,
        0.14954674769906154,
        0.1508132268744468,
        0.14788849052991584
      ],
      "std_prefix_mean_nll": [
        0.3851995614913591,
        0.26061208517588264,
        0.2247729765750603,
        0.20477936280732167,
        0.1806230560651025,
        0.16695157942313463,
        0.16110496850884928,
        0.15498443578509227,
        0.1477379982956633,
        0.14227278262860915,
        0.13937001151557366,
        0.1335384359424645,
        0.13061977850638237,
        0.13037933918321787,
        0.12946305535775932,
        0.12751099701955007,
        0.12833082184620842,
        0.12397286416288279,
        0.13074179337306852,
        0.13068234985569221,
        0.1278253503261429,
        0.12751128582416107,
        0.12686477081349548,
        0.12223967374779747,
        0.09802160904362044,
        0.09658961393897748,
        0.07784120350200875,
        0.07930209909322902,
        0.08080923255291328,
        0.08332477616617429,
        0.08336837623505039,
        0.08554942078216635,
        0.0830742185870039,
        0.08061035660982487,
        0.07817871068799298,
        0.08015587630819591,
        0.07557736646975163,
        0.07548461807122384,
        0.07590065852951716,
        0.0789343942236622,
        0.08278123936834578,
        0.08249396053770733,
        0.08479327445072904,
        0.08376480627973165,
        0.08278172809959894,
        0.08264738681132927,
        0.08500486204522902,
        0.08323244886558118,
        0.08467258086709537,
        0.08305402468909996
      ],
      "count_per_k": [
        269,
        269,
        269,
        268,
        264,
        255,
        249,
        231,
        216,
        200,
        184,
        172,
        158,
        147,
        133,
        116,
        107,
        94,
        84,
        78,
        70,
        64,
        60,
        52,
        44,
        39,
        36,
        33,
        28,
        25,
        21,
        21,
        21,
        20,
        19,
        18,
        17,
        17,
        16,
        13,
        13,
        13,
        13,
        13,
        13,
        13,
        13,
        13,
        12,
        12
      ]
    },
    "incorrect": {
      "mean_prefix_mean_nll": [
        0.9834897565932674,
        0.6832379071410571,
        0.5901061870857846,
        0.5324023726098127,
        0.5063467045002065,
        0.48227766025554597,
        0.4667624390791678,
        0.45310203994318143,
        0.441734224861175,
        0.4167652237030284,
        0.4044920541530128,
        0.4002363434043357,
        0.38561881811534865,
        0.370254158577656,
        0.35733466558762433,
        0.34836358503201126,
        0.33437865589007426,
        0.3354670551542765,
        0.3318346926168874,
        0.3371283419374933,
        0.3436340903113215,
        0.3368060726172502,
        0.31927344995698775,
        0.3147534498344845,
        0.31424199365942934,
        0.32208336847024566,
        0.31414222581889806,
        0.3192669204808015,
        0.32957985063331885,
        0.31072305971583175,
        0.3068174575254409,
        0.30161633640207386,
        0.28755935261308924,
        0.29238015754480234,
        0.2853967114383866,
        0.27572099829153784,
        0.2567253603601279,
        0.20886452540401323,
        0.19365540288031582,
        0.19203092258656596,
        0.1893403966445387,
        0.18542032172587491,
        0.19317112322388075,
        0.19030516192123403,
        0.1876916465418095,
        0.1843454079557442,
        0.18115304597306683,
        0.17844222846524047,
        0.17575241821162332,
        0.16463391633219177
      ],
      "std_prefix_mean_nll": [
        0.5043084889480323,
        0.3945913299104622,
        0.33937358762485137,
        0.2913944299500236,
        0.2522117904159327,
        0.25023083291645704,
        0.23708231766398516,
        0.23321300123508107,
        0.22404045787106935,
        0.2116956745638987,
        0.20246753848404525,
        0.1973355292026589,
        0.19402158296080035,
        0.18633017385724535,
        0.1829070092242812,
        0.1805298154341167,
        0.1725999607672723,
        0.17376202909351263,
        0.1754272672201674,
        0.1826362981572897,
        0.1803498178569082,
        0.18424865610115895,
        0.18732043231756815,
        0.19378630025271798,
        0.19698877149467572,
        0.20086899646844117,
        0.20118083790012722,
        0.20667145427902708,
        0.2244708881696614,
        0.22475554281282378,
        0.22229952206184903,
        0.22227864065974465,
        0.22528899989835652,
        0.22296071273349843,
        0.21794469957782353,
        0.2190969933267646,
        0.21409924842038508,
        0.11956485768780728,
        0.12185543214345557,
        0.12593592161430708,
        0.122933055244959,
        0.1199405360502758,
        0.12552623562669085,
        0.1252609938781497,
        0.12606365481195014,
        0.12485988154514786,
        0.1236517667411656,
        0.12263031894533274,
        0.12244585263175353,
        0.11609779504661015
      ],
      "count_per_k": [
        131,
        131,
        129,
        127,
        125,
        125,
        118,
        112,
        103,
        98,
        93,
        87,
        81,
        78,
        78,
        76,
        71,
        65,
        60,
        54,
        50,
        47,
        41,
        38,
        37,
        34,
        31,
        30,
        26,
        23,
        23,
        23,
        21,
        20,
        20,
        18,
        17,
        16,
        14,
        14,
        14,
        14,
        12,
        12,
        12,
        12,
        12,
        12,
        12,
        10
      ]
    }
  },
  "early_token_aurocs": {
    "first_token_nll": 0.6741962030704616,
    "first_1_tokens_mean_nll": 0.6741962030704616,
    "first_3_tokens_mean_nll": 0.6869377678140697,
    "first_5_tokens_mean_nll": 0.7009279491472516
  },
  "num_examples_with_stats": 400,
  "num_labeled_examples": 400
}