{
  "aggregated_prefix_curves": {
    "correct": {
      "mean_prefix_mean_nll": [
        0.26765773252206954,
        0.18650365591163376,
        0.15101877114143197,
        0.14364754577031152,
        0.13953455114557917,
        0.1345777310872037,
        0.13189000371179282,
        0.1290224065263521,
        0.12772311907896275,
        0.12586658868674153,
        0.12420098277280232,
        0.12220708768769108,
        0.12129592018218278,
        0.1204343718249442,
        0.12111248483729126,
        0.12259947198538793,
        0.12179920133413856,
        0.1221707625068366,
        0.12125861855129283,
        0.12064406440405953,
        0.12048850560162637,
        0.121279564367474,
        0.12174490364017446,
        0.12135092242980842,
        0.12287432313542267,
        0.12262601541720236,
        0.12858462579939786,
        0.1260594879262902,
        0.12589628532020097,
        0.12330424226631513,
        0.1236956628121133,
        0.12438792940165516,
        0.12700929388199095,
        0.12156062304619987,
        0.12137348423708859,
        0.1226239596566574,
        0.12213330189516376,
        0.12252616499495075,
        0.12466383338742981,
        0.12276592916204063,
        0.1250697220265423,
        0.12269667619594135,
        0.1259559613848229,
        0.12392791720921649,
        0.11940760198536306,
        0.12755198367284523,
        0.12321996202857059,
        0.10014002991175143,
        0.10146363137551904,
        0.10840219188277946
      ],
      "std_prefix_mean_nll": [
        0.2886483834433924,
        0.19454203806478498,
        0.14620806689578084,
        0.1305155769428694,
        0.11713842016949176,
        0.10883213519878357,
        0.10155720091378091,
        0.09690938054602082,
        0.09082409408226837,
        0.08626187719205822,
        0.0835711592399485,
        0.08081913879644752,
        0.07988141823850421,
        0.07893737697441335,
        0.0778618211472727,
        0.07619312414965823,
        0.07421959884039565,
        0.07377831400760058,
        0.07162917230106566,
        0.06991170157104942,
        0.06824903261192801,
        0.07018112181746944,
        0.06872653449022988,
        0.06904218943994937,
        0.06887285474846584,
        0.06753066411783176,
        0.0679461885183179,
        0.06699726908923312,
        0.06706787711216208,
        0.06649113766365061,
        0.0672997966553358,
        0.06718606831690567,
        0.06710657752916045,
        0.06399850529638727,
        0.06410602242243117,
        0.061306257714565084,
        0.06176049811903506,
        0.06160592580957504,
        0.06454614798532259,
        0.06273628457312869,
        0.0636549245198067,
        0.06581181634951401,
        0.06573350972591052,
        0.06386970856094513,
        0.0636225119918384,
        0.0608216297780041,
        0.06147280030885713,
        0.05003000162150162,
        0.047841935250580066,
        0.052090342364394054
      ],
      "count_per_k": [
        368,
        368,
        368,
        368,
        368,
        368,
        368,
        366,
        363,
        356,
        351,
        343,
        335,
        321,
        308,
        286,
        276,
        257,
        242,
        221,
        208,
        193,
        176,
        161,
        155,
        147,
        130,
        115,
        104,
        96,
        90,
        81,
        68,
        59,
        53,
        48,
        41,
        39,
        37,
        27,
        24,
        21,
        19,
        19,
        18,
        15,
        14,
        11,
        11,
        7
      ]
    },
    "incorrect": {
      "mean_prefix_mean_nll": [
        0.4487298625463154,
        0.2880366116341726,
        0.21978817009272567,
        0.20551092582392355,
        0.18508232731817312,
        0.18867133509245917,
        0.20152089841824372,
        0.2060073206158559,
        0.20373592431125667,
        0.21714075756639037,
        0.22343122081765024,
        0.21446954879470823,
        0.22053386759355684,
        0.22054507803236456,
        0.21432303443064993,
        0.21602309565949762,
        0.20902222596535253,
        0.20850417036543675,
        0.2082466481313035,
        0.2052130759157775,
        0.2105436381716792,
        0.21644161305570278,
        0.21889945972052804,
        0.21627783430045316,
        0.21210462820854895,
        0.2097445666041477,
        0.2061051127982406,
        0.2010465513181483,
        0.20472992069332976,
        0.2023484180650271,
        0.18096801779237984,
        0.1793462757651007,
        0.183168220209566,
        0.1965840682239939,
        0.20595812881326328,
        0.21709322926269198,
        0.22366199321433525,
        0.22268998431016915,
        0.22707764170795258,
        0.23415597527561463,
        0.23781518344027922,
        0.24445079322145524,
        0.24080627511769004,
        0.23586747562724691,
        0.2320663599359408,
        0.23340622135013883,
        0.2402004882629049,
        0.21566262897491958,
        0.21484040625100756,
        0.21055158289826711
      ],
      "std_prefix_mean_nll": [
        0.39129637922580146,
        0.23452577004356942,
        0.1776638557999713,
        0.16540255479334884,
        0.14046845930437585,
        0.1430068430166261,
        0.1394711256920769,
        0.14293882397181912,
        0.1390901380266391,
        0.13487858713331147,
        0.13458683671359548,
        0.126216897234685,
        0.12339193356512022,
        0.11126202883218599,
        0.10355470651451175,
        0.09525090017593014,
        0.09430451556772942,
        0.09594223293336383,
        0.09430311309496216,
        0.09059295231091269,
        0.08711570694627391,
        0.08217198429941626,
        0.07890392638303202,
        0.08033628832900991,
        0.08027087469377289,
        0.08054685935946682,
        0.08127017346200935,
        0.08730090066081737,
        0.09307007711340608,
        0.09131751137291759,
        0.07352411070575472,
        0.07414082326601314,
        0.0685655235351848,
        0.06327382647538697,
        0.05548268100251713,
        0.04581158470054884,
        0.04233155502530369,
        0.04211800297460063,
        0.04448255406436177,
        0.04064413343695514,
        0.03642318429409503,
        0.02850333187225543,
        0.03075285736720782,
        0.03724725001540745,
        0.03784026641804834,
        0.03922397938434623,
        0.041122989362280385,
        0.012323195763630012,
        0.015490671172420877,
        0.015188832362937013
      ],
      "count_per_k": [
        32,
        32,
        32,
        32,
        32,
        32,
        32,
        32,
        31,
        31,
        31,
        31,
        30,
        30,
        28,
        26,
        26,
        26,
        26,
        26,
        25,
        23,
        21,
        19,
        17,
        17,
        16,
        15,
        13,
        13,
        11,
        11,
        11,
        9,
        8,
        7,
        7,
        7,
        7,
        6,
        6,
        6,
        6,
        5,
        5,
        5,
        4,
        3,
        3,
        3
      ]
    }
  },
  "early_token_aurocs": {
    "first_token_nll": 0.6618546195652174,
    "first_1_tokens_mean_nll": 0.6618546195652174,
    "first_3_tokens_mean_nll": 0.6304347826086957,
    "first_5_tokens_mean_nll": 0.5945991847826086
  },
  "num_examples_with_stats": 400,
  "num_labeled_examples": 400
}