Metric,AUROC
RW-G-NLL,1.0
G-NLL,0.7287500000000001
Average NLL,0.7232812500000001
Perplexity,0.7232812500000001
Avg Token Prob,0.7170052083333334
SAR,
Semantic Entropy,
