Metric,AUROC
G-NLL,0.6458472727272727
Avg Token Prob,0.6343854545454545
Average NLL,0.6273454545454545
Perplexity,0.6273454545454545
RW-G-NLL,0.6110926877798044
SAR,
Semantic Entropy,
