Metric,AUROC
Avg Token Prob,0.63072
Average NLL,0.6241454545454546
Perplexity,0.6241454545454546
G-NLL,0.6184727272727273
RW-G-NLL,0.6048845767815322
SAR,0.5840581818181818
Semantic Entropy,
