Metric,AUROC
Average NLL,0.7306315104166666
Perplexity,0.7306315104166666
Avg Token Prob,0.7304687500000001
G-NLL,0.7213541666666666
RW-G-NLL,
SAR,
Semantic Entropy,
