{
  "aurocs": {
    "uniform": 0.776749320652174,
    "linear_increasing": 0.7496603260869565,
    "linear_decreasing": 0.75390625,
    "quadratic_increasing": 0.7250339673913044,
    "quadratic_decreasing": 0.7175611413043478,
    "exponential_increasing": 0.7322520380434783,
    "exponential_decreasing": 0.7271569293478262,
    "middle_peak": 0.7516134510869565,
    "edges_peak": 0.7479619565217392,
    "gaussian_middle": 0.7692764945652174,
    "nll_proportional": 0.7289402173913043,
    "confidence_proportional": 0.7652853260869567,
    "surprisal": 0.7652004076086957,
    "first_k": 0.7086447010869565,
    "last_k": 0.7477921195652175,
    "first_last_k": 0.733016304347826,
    "recency_bias": 0.7487262228260869,
    "high_uncertainty_only": 0.7746263586956523,
    "low_uncertainty_only": 0.783203125,
    "nll_sqrt": 0.7550951086956522,
    "nll_cubic": 0.7133152173913043,
    "nll_quartic": 0.7196841032608696,
    "nll_quintic": 0.7234205163043479,
    "negate_last_3": 0.763756793478261,
    "negate_last_5": 0.745499320652174,
    "negate_last_20pct": 0.7607846467391304,
    "negate_first_3": 0.7736073369565217,
    "negate_first_20pct": 0.7718240489130435,
    "unweight_beginning": 0.7353091032608695,
    "unweight_middle": 0.7355638586956522,
    "unweight_end": 0.7486413043478262,
    "only_beginning": 0.6983695652173914,
    "only_middle": 0.7117017663043479,
    "only_end": 0.6540421195652174,
    "nll_squared_negate_end": 0.7218919836956522,
    "nll_cubic_negate_end": 0.7216372282608695,
    "nll_squared_middle_focus": 0.7184103260869565,
    "nll_cubic_middle_focus": 0.7212126358695653
  },
  "num_examples": 400,
  "normalize": true
}