Metric,AUROC
G-NLL,0.7142985935809593
SAR,0.6078254597908402
Average NLL,0.6065632888568337
Perplexity,0.6065632888568337
Avg Token Prob,0.5818307488880875
RW-G-NLL,0.5
Semantic Entropy,0.49822695035460995
