{
  "total_tokens_analyzed": 11244,
  "position_correlation_nll": 0.036284359072524065,
  "mean_nll": 0.5980220093151308,
  "std_nll": 1.0830710584452146,
  "mean_prob": 0.7303460749617511,
  "std_prob": 0.33119618404470236,
  "pos_tag_statistics": {
    "ADJ": {
      "mean_nll": 0.3183243647384058,
      "std_nll": 0.4684164699805252,
      "count": 7
    },
    "ADP": {
      "mean_nll": 0.5009470705285182,
      "std_nll": 0.8992957549302597,
      "count": 8
    },
    "ADV": {
      "mean_nll": 0.5955237150180892,
      "std_nll": 0.8421946799235146,
      "count": 2
    },
    "AUX": {
      "mean_nll": 0.018054001002383302,
      "std_nll": 0.023052208189939888,
      "count": 3
    },
    "DET": {
      "mean_nll": 0.2347634870282036,
      "std_nll": 0.3187412043752309,
      "count": 12
    },
    "NOUN": {
      "mean_nll": 1.0345897692446173,
      "std_nll": 1.8898251409945361,
      "count": 11
    },
    "NUM": {
      "mean_nll": 0.7882568459371805,
      "std_nll": 1.3448173754304908,
      "count": 50
    },
    "PART": {
      "mean_nll": 0.2865573718769618,
      "std_nll": 0.5923111036606203,
      "count": 63
    },
    "PRON": {
      "mean_nll": 0.6455244077369571,
      "std_nll": 0.8534337029668009,
      "count": 4
    },
    "PROPN": {
      "mean_nll": 0.22644035722246023,
      "std_nll": 0.5339802265317114,
      "count": 26
    },
    "PUNCT": {
      "mean_nll": 0.8178291106181674,
      "std_nll": 1.0371916023139016,
      "count": 727
    },
    "SCONJ": {
      "mean_nll": 0.0006147183958091773,
      "std_nll": 0.000782017518195578,
      "count": 2
    },
    "SPACE": {
      "mean_nll": 1.89751920447452,
      "std_nll": 1.4339680864363737,
      "count": 6
    },
    "SYM": {
      "mean_nll": 0.26648953557014465,
      "std_nll": NaN,
      "count": 1
    },
    "UNKNOWN": {
      "mean_nll": 0.5839482838361857,
      "std_nll": 1.0852868542170548,
      "count": 10319
    },
    "VERB": {
      "mean_nll": 1.5227749049351285,
      "std_nll": 2.497709358512904,
      "count": 3
    }
  }
}