Metric,AUROC
Average NLL,0.7240884066065588
Perplexity,0.7240884066065588
Avg Token Prob,0.7227319875528604
G-NLL,0.7044868214580176
RW-G-NLL,0.6753246753246753
SAR,
Semantic Entropy,
