Metric,AUROC
G-NLL,0.6752577319587628
Average NLL,0.6718213058419243
Perplexity,0.6718213058419243
Avg Token Prob,0.6696735395189003
RW-G-NLL,0.6581920903954802
SAR,
Semantic Entropy,
