{"len_p_true":19,"train_accuracy":0.3725,"acc_p_ik_train_train":1,"auroc_p_ik_train_train":1,"auroc_p_ik_train_test":0.6438095238095238,"n_iter":74,"converged":true,"_step":4,"acc_p_ik_train_test":0.625,"_timestamp":1.7441452120954764e+09,"auroc_p_ik_eval":0.6765236206274793,"_wandb":{"runtime":4054},"uncertainty":{"semantic_entropy":{"accuracy_at_0.95_answer_fraction":{"mean":0.295,"bootstrap":{"std_err":0.023435734092124728,"low":0.25779256819327356,"high":0.335}},"accuracy_at_1.0_answer_fraction":{"bootstrap":{"std_err":0.021662721834230972,"low":0.2625,"high":0.335},"mean":0.295},"AUROC":{"bootstrap":{"std_err":0.011949315767538845,"low":0.47941969061046524,"high":0.5181735977718492},"mean":0.5011720158672918},"area_under_thresholded_accuracy":{"mean":0.2799123732814887,"bootstrap":{"high":0.316164603493266,"std_err":0.02116489864356352,"low":0.24783893844044316}},"mean_uncertainty":{"bootstrap":{"low":3.8857805861880475e-18,"high":8.049116928532383e-18,"std_err":1.2492691068026092e-18},"mean":5.828670879282071e-18},"accuracy_at_0.8_answer_fraction":{"bootstrap":{"std_err":0.023842882756741835,"low":0.25667042421778136,"high":0.3364193332468988},"mean":0.2955145118733509},"accuracy_at_0.9_answer_fraction":{"bootstrap":{"std_err":0.023599760664726212,"low":0.25632456454448815,"high":0.33481237191387386},"mean":0.2955145118733509}},"p_false_fixed":{"accuracy_at_0.8_answer_fraction":{"bootstrap":{"std_err":0.027546264406782327,"low":0.308664652209232,"high":0.3987538940809969},"mean":0.35},"accuracy_at_0.9_answer_fraction":{"mean":0.31666666666666665,"bootstrap":{"std_err":0.024554951306356817,"low":0.275,"high":0.35555555555555557}},"accuracy_at_0.95_answer_fraction":{"mean":0.30526315789473685,"bootstrap":{"high":0.3447368421052632,"std_err":0.024221274615457925,"low":0.2657894736842105}},"accuracy_at_1.0_answer_fraction":{"bootstrap":{"high":0.3325,"std_err":0.02254852624975823,"low":0.2575},"mean":0.295},"AUROC":{"bootstrap":{"high":0.6973982662012429,"std_err":0.029523877118441046,"low":0.6004920167173634},"mean":0.6466522418559923},"area_under_thresholded_accuracy":{"bootstrap":{"low":0.309867885355944,"high":0.40841636600510167,"std_err":0.02989499811773798},"mean":0.35510420658201514},"mean_uncertainty":{"mean":0.562217060068868,"bootstrap":{"std_err":0.0016880792693388068,"low":0.5594211410023803,"high":0.564959345716338}}},"semantic_entropy_UNANSWERABLE":{"accuracy_at_0.9_answer_fraction":{"bootstrap":{"high":NaN,"std_err":0,"low":NaN},"mean":1},"accuracy_at_0.95_answer_fraction":{"bootstrap":{"high":NaN,"std_err":0,"low":NaN},"mean":1},"accuracy_at_1.0_answer_fraction":{"bootstrap":{"high":NaN,"std_err":0,"low":NaN},"mean":1},"AUROC":{"bootstrap":{"low":NaN,"high":NaN,"std_err":NaN},"mean":NaN},"area_under_thresholded_accuracy":{"mean":0.9473684210526319,"bootstrap":{"low":0.9473684210526319,"high":0.9473684210526319,"std_err":0}},"mean_uncertainty":{"mean":5.828670879282071e-18,"bootstrap":{"low":4.163336342344336e-18,"high":8.049116928532383e-18,"std_err":1.2036420949021836e-18}},"accuracy_at_0.8_answer_fraction":{"mean":1,"bootstrap":{"low":NaN,"high":NaN,"std_err":0}}},"p_ik_UNANSWERABLE":{"accuracy_at_0.9_answer_fraction":{"mean":1,"bootstrap":{"high":NaN,"std_err":0,"low":NaN}},"accuracy_at_0.95_answer_fraction":{"bootstrap":{"high":NaN,"std_err":0,"low":NaN},"mean":1},"accuracy_at_1.0_answer_fraction":{"mean":1,"bootstrap":{"low":NaN,"high":NaN,"std_err":0}},"AUROC":{"bootstrap":{"std_err":NaN,"low":NaN,"high":NaN},"mean":NaN},"area_under_thresholded_accuracy":{"bootstrap":{"std_err":0,"low":0.9473684210526319,"high":0.9473684210526319},"mean":0.9473684210526319},"mean_uncertainty":{"mean":0.6605111803443754,"bootstrap":{"low":0.6270021884157103,"high":0.692012002450674,"std_err":0.019945651819121914}},"accuracy_at_0.8_answer_fraction":{"mean":1,"bootstrap":{"low":NaN,"high":NaN,"std_err":0}}},"p_false_UNANSWERABLE":{"accuracy_at_1.0_answer_fraction":{"mean":1,"bootstrap":{"high":NaN,"std_err":0,"low":NaN}},"AUROC":{"mean":NaN,"bootstrap":{"std_err":NaN,"low":NaN,"high":NaN}},"area_under_thresholded_accuracy":{"mean":0.9473684210526319,"bootstrap":{"low":0.9473684210526319,"high":0.9473684210526319,"std_err":0}},"mean_uncertainty":{"bootstrap":{"low":1.8226308043933348,"high":1.835783224616142,"std_err":0.004060138974517667},"mean":1.829193549901247},"accuracy_at_0.8_answer_fraction":{"bootstrap":{"high":NaN,"std_err":0,"low":NaN},"mean":1},"accuracy_at_0.9_answer_fraction":{"mean":1,"bootstrap":{"high":NaN,"std_err":0,"low":NaN}},"accuracy_at_0.95_answer_fraction":{"bootstrap":{"low":NaN,"high":NaN,"std_err":0},"mean":1}},"cluster_assignment_entropy":{"accuracy_at_0.95_answer_fraction":{"bootstrap":{"std_err":0.023046363674745492,"low":0.25727010423810315,"high":0.33},"mean":0.295},"accuracy_at_1.0_answer_fraction":{"mean":0.295,"bootstrap":{"high":0.33,"std_err":0.02315240219669392,"low":0.2575}},"AUROC":{"bootstrap":{"low":NaN,"high":NaN,"std_err":0},"mean":0.5},"area_under_thresholded_accuracy":{"bootstrap":{"high":0.31847871149876233,"std_err":0.021804511555858417,"low":0.24631578947368432},"mean":0.2794736842105263},"mean_uncertainty":{"mean":0,"bootstrap":{"low":NaN,"high":NaN,"std_err":0}},"accuracy_at_0.8_answer_fraction":{"mean":0.295,"bootstrap":{"high":0.3325,"std_err":0.021535393499380807,"low":0.26}},"accuracy_at_0.9_answer_fraction":{"bootstrap":{"std_err":0.02276132732886577,"low":0.26,"high":0.335},"mean":0.295}},"p_false_fixed_UNANSWERABLE":{"mean_uncertainty":{"mean":0.562217060068868,"bootstrap":{"high":0.5651108747139925,"std_err":0.0017285570096755723,"low":0.5593550146345795}},"accuracy_at_0.8_answer_fraction":{"mean":1,"bootstrap":{"low":NaN,"high":NaN,"std_err":0}},"accuracy_at_0.9_answer_fraction":{"bootstrap":{"std_err":0,"low":NaN,"high":NaN},"mean":1},"accuracy_at_0.95_answer_fraction":{"mean":1,"bootstrap":{"low":NaN,"high":NaN,"std_err":0}},"accuracy_at_1.0_answer_fraction":{"mean":1,"bootstrap":{"std_err":0,"low":NaN,"high":NaN}},"AUROC":{"bootstrap":{"low":NaN,"high":NaN,"std_err":NaN},"mean":NaN},"area_under_thresholded_accuracy":{"bootstrap":{"high":0.9473684210526319,"std_err":0,"low":0.9473684210526319},"mean":0.9473684210526319}},"cluster_assignment_entropy_UNANSWERABLE":{"mean_uncertainty":{"mean":0,"bootstrap":{"std_err":0,"low":NaN,"high":NaN}},"accuracy_at_0.8_answer_fraction":{"mean":1,"bootstrap":{"low":NaN,"high":NaN,"std_err":0}},"accuracy_at_0.9_answer_fraction":{"mean":1,"bootstrap":{"std_err":0,"low":NaN,"high":NaN}},"accuracy_at_0.95_answer_fraction":{"bootstrap":{"std_err":0,"low":NaN,"high":NaN},"mean":1},"accuracy_at_1.0_answer_fraction":{"mean":1,"bootstrap":{"std_err":0,"low":NaN,"high":NaN}},"AUROC":{"mean":NaN,"bootstrap":{"std_err":NaN,"low":NaN,"high":NaN}},"area_under_thresholded_accuracy":{"bootstrap":{"high":0.9473684210526319,"std_err":0,"low":0.9473684210526319},"mean":0.9473684210526319}},"p_false":{"mean_uncertainty":{"mean":1.829193549901247,"bootstrap":{"std_err":0.004043568799773087,"low":1.8226875762837798,"high":1.8361629583124819}},"accuracy_at_0.8_answer_fraction":{"mean":0.35,"bootstrap":{"std_err":0.027604323019736948,"low":0.3094780692032383,"high":0.4}},"accuracy_at_0.9_answer_fraction":{"bootstrap":{"std_err":0.02514102648557755,"low":0.2777777777777778,"high":0.3611111111111111},"mean":0.31666666666666665},"accuracy_at_0.95_answer_fraction":{"mean":0.30526315789473685,"bootstrap":{"low":0.2657894736842105,"high":0.34210526315789475,"std_err":0.023506287458737597}},"accuracy_at_1.0_answer_fraction":{"bootstrap":{"high":0.335,"std_err":0.0228330160430378,"low":0.2575},"mean":0.295},"AUROC":{"mean":0.6466522418559923,"bootstrap":{"std_err":0.028693414693407974,"low":0.5991495403783508,"high":0.6912912521762551}},"area_under_thresholded_accuracy":{"mean":0.35510420658201514,"bootstrap":{"std_err":0.030100548682368205,"low":0.30647585082165635,"high":0.4035669932263391}}},