{
  "aggregated_prefix_curves": {
    "correct": {
      "mean_prefix_mean_nll": [
        0.4324228088410261,
        0.3107882805919544,
        0.29437388864610065,
        0.27075518471115545,
        0.252780221366814,
        0.25429252808694414,
        0.25237894841574066,
        0.25058248249773657,
        0.24622647613175042,
        0.25130838040622416,
        0.2554556108244194,
        0.2545811493328224,
        0.2630409374193102,
        0.26825201327313875,
        0.2699861434986846,
        0.2696975320310251,
        0.2784112130170463,
        0.2866494013720954,
        0.2884660676682664,
        0.2938285082745846,
        0.28688859925853244,
        0.2934056328428886,
        0.2984502477551502,
        0.2949707440490951,
        0.2953995599549442,
        0.2951622789799558,
        0.296272951737517,
        0.2900799343684568,
        0.286696321284235,
        0.29232451206438637,
        0.29857589849210336,
        0.28700621331551834,
        0.2823487545583933,
        0.2790570304353789,
        0.27565545425030574,
        0.2700025220841307,
        0.27027980020081555,
        0.27722646935386064,
        0.27712556407547584,
        0.2794957677716408,
        0.2819691966127179,
        0.26677044154013685,
        0.26712624618599023,
        0.27257567917627684,
        0.2723870360637289,
        0.2712712297704915,
        0.2587705906245547,
        0.25408941659683876,
        0.25675353532767803,
        0.2450660999616488
      ],
      "std_prefix_mean_nll": [
        0.341630048984585,
        0.2616742892714573,
        0.23386468480683603,
        0.21286481628906484,
        0.18227050371447975,
        0.17950656503754855,
        0.16980213827640853,
        0.162468313227941,
        0.15607627684319667,
        0.15147976659750753,
        0.14382411014329516,
        0.14111775248147718,
        0.14262233528162818,
        0.14413741709468234,
        0.15109465727797436,
        0.14761056797083322,
        0.15067747758061384,
        0.15303974509942836,
        0.15535628128573759,
        0.15131475382352283,
        0.14328577659503133,
        0.14496141284981526,
        0.14754658225353867,
        0.14442903759077214,
        0.14281559171159047,
        0.13922451094507213,
        0.14167097544101093,
        0.14494580447671945,
        0.14102728910481285,
        0.13484974808236525,
        0.13426789711825354,
        0.12883299706899995,
        0.12815098164259103,
        0.1293250312783102,
        0.12696867298006237,
        0.13048788091290897,
        0.1296162523423484,
        0.1351520202620128,
        0.1307732588532185,
        0.13057665048297865,
        0.1331411742444099,
        0.13053781115741706,
        0.1299092149582814,
        0.12964998942554928,
        0.13056452449206182,
        0.1309736229781149,
        0.11453208040068631,
        0.11505994729948381,
        0.11755620367453133,
        0.09087426163003041
      ],
      "count_per_k": [
        240,
        239,
        239,
        238,
        234,
        228,
        221,
        213,
        204,
        192,
        180,
        169,
        161,
        153,
        145,
        134,
        129,
        124,
        122,
        116,
        112,
        105,
        99,
        94,
        91,
        86,
        79,
        75,
        72,
        68,
        60,
        55,
        53,
        52,
        49,
        46,
        45,
        42,
        39,
        38,
        37,
        34,
        33,
        32,
        31,
        31,
        30,
        26,
        26,
        25
      ]
    },
    "incorrect": {
      "mean_prefix_mean_nll": [
        0.6476804102770984,
        0.510280829962079,
        0.46312838677280277,
        0.44825089753169606,
        0.44101541767294056,
        0.4373239763704621,
        0.4249665284227521,
        0.4218331206877191,
        0.41553911841944235,
        0.418268092313618,
        0.4150356223998454,
        0.41976648033632524,
        0.4164559127148798,
        0.416471051977316,
        0.4183533205930789,
        0.4201241934958384,
        0.4248279128748775,
        0.4236223830695572,
        0.42371833836617867,
        0.42255526431514084,
        0.4219149147787911,
        0.4204459257271636,
        0.42619745877041754,
        0.42346680653090324,
        0.41704013823049296,
        0.41778441587573195,
        0.42099071620123346,
        0.4162099205835525,
        0.41840736237733667,
        0.42011953633137267,
        0.419294884410559,
        0.42546281902488114,
        0.4235534564624972,
        0.4278842996924249,
        0.4236694019764615,
        0.4236556670774735,
        0.4253163992482371,
        0.42394498090813665,
        0.4257654879894104,
        0.4248453387718567,
        0.42589602331450044,
        0.41522617833347447,
        0.4236121174907692,
        0.42354693862903386,
        0.4179947499362879,
        0.4184604508682546,
        0.415373107643054,
        0.41990064930195586,
        0.4202232714021743,
        0.422695596330958
      ],
      "std_prefix_mean_nll": [
        0.38984209182313645,
        0.3641634268175649,
        0.3145342812000065,
        0.2886299335883075,
        0.2773566875510747,
        0.26875684765143126,
        0.2499378673332895,
        0.24195879286353617,
        0.23676623419286136,
        0.2328187484274308,
        0.23046941693222597,
        0.2264131643788841,
        0.22180505630075473,
        0.2152962426515268,
        0.21367542695478514,
        0.21344584603020023,
        0.20746373827916134,
        0.20141861478404027,
        0.19254240789291613,
        0.1903515726276178,
        0.18770819054343113,
        0.18514929201052566,
        0.18458136771246947,
        0.1816902707501718,
        0.18384380040810855,
        0.18532951914194043,
        0.18136031492919222,
        0.17867129533228607,
        0.17741130689502602,
        0.1782087347019194,
        0.1825452866629367,
        0.18097280051996273,
        0.1842706339153916,
        0.18305107456615916,
        0.18228554140356326,
        0.18396966178005195,
        0.1838478709348042,
        0.18421377483849352,
        0.1851578250339113,
        0.17811355729960923,
        0.1782892929011515,
        0.1683272524661096,
        0.16678503539431377,
        0.16614320871851126,
        0.16508345071347824,
        0.16428415690753903,
        0.16311266996704293,
        0.16190081549833096,
        0.16018640987986027,
        0.16181225263147267
      ],
      "count_per_k": [
        160,
        160,
        160,
        160,
        160,
        159,
        158,
        155,
        152,
        147,
        144,
        138,
        137,
        134,
        133,
        130,
        124,
        121,
        114,
        109,
        108,
        105,
        98,
        95,
        91,
        87,
        82,
        80,
        78,
        78,
        75,
        72,
        70,
        67,
        65,
        63,
        62,
        61,
        59,
        54,
        54,
        52,
        48,
        48,
        47,
        47,
        46,
        45,
        45,
        44
      ]
    }
  },
  "early_token_aurocs": {
    "first_token_nll": 0.6621874999999999,
    "first_1_tokens_mean_nll": 0.6621874999999999,
    "first_3_tokens_mean_nll": 0.6724739583333332,
    "first_5_tokens_mean_nll": 0.7140104166666665
  },
  "num_examples_with_stats": 400,
  "num_labeled_examples": 400
}