{
  "aggregated_prefix_curves": {
    "correct": {
      "mean_prefix_mean_nll": [
        0.44534944073529914,
        0.33543087967694163,
        0.2245017739249467,
        0.17298183862767047,
        0.16811163066009271,
        0.18991711349108073,
        0.2605149740473437,
        0.2549559788797056,
        0.23143424210360802,
        0.27147333587263794,
        0.2558568744686831,
        0.2934943026434135,
        0.2372312158170842,
        0.2206865348845278,
        0.25150914117587897,
        0.23921643716454688,
        0.26978199522025786,
        0.394115649700753,
        0.507319607766205,
        0.5021946553552123,
        0.5211381405272097,
        0.49749977761810754,
        0.5568105877864518,
        0.6082982807227291,
        0.5923797788533178,
        0.5727062197641024,
        0.5515069666147665,
        0.5388365576710437,
        0.5268180498662068,
        0.5188791504627855,
        0.5025064671713875,
        0.5044881026719981,
        0.48943502447881354,
        0.4825741614898711,
        0.47060628645642955,
        0.4989334016364627,
        0.4875198094478396,
        0.48083309429281096,
        0.47009701895046496,
        0.5011693626350271,
        0.4889457530806336,
        0.4829974039400947,
        0.47198125873244734,
        0.46547952046159274,
        0.4706488002245488,
        0.4786617220327448,
        0.5016576941569622,
        0.5076680037259617,
        0.5457776316335794,
        0.6342035621170576
      ],
      "std_prefix_mean_nll": [
        0.6624123201288793,
        0.3457943598108154,
        0.2304262810340745,
        0.1738391485413761,
        0.13243675743407268,
        0.14401113657351766,
        0.21398421628968525,
        0.2451130581367894,
        0.21359666410561468,
        0.20064303345222032,
        0.19596312006957464,
        0.19977827033874762,
        0.14392462617139903,
        0.13361548116561256,
        0.14056768543266862,
        0.13350512115284727,
        0.11963638478633727,
        0.17100599383261808,
        0.00381647289384357,
        0.0228195400330872,
        0.06459021864386877,
        0.0617040340021911,
        0.02063456965736904,
        0.05491326366666127,
        0.06112124661823909,
        0.06151619317961238,
        0.05924457084967197,
        0.06415496175470256,
        0.058910233395368355,
        0.06495446023494153,
        0.06313682859126743,
        0.0788484598252086,
        0.0766896550953226,
        0.08196716271331914,
        0.07820284230093708,
        0.08398130403357504,
        0.08375557355694069,
        0.08769351778459986,
        0.08703788327110376,
        0.12766984887762103,
        0.1245559166878035,
        0.12728350184123016,
        0.1245397396937784,
        0.12432847688798293,
        0.11939412397123794,
        0.129408850378097,
        0.1076473077749073,
        0.08936189161902994,
        0.1304367818726942,
        0.13577407494465188
      ],
      "count_per_k": [
        8,
        8,
        8,
        8,
        8,
        8,
        7,
        7,
        7,
        7,
        7,
        7,
        6,
        6,
        6,
        6,
        3,
        3,
        2,
        2,
        2,
        2,
        2,
        2,
        2,
        2,
        2,
        2,
        2,
        2,
        2,
        2,
        2,
        2,
        2,
        2,
        2,
        2,
        2,
        2,
        2,
        2,
        2,
        2,
        2,
        2,
        2,
        2,
        2,
        2
      ]
    },
    "incorrect": {
      "mean_prefix_mean_nll": [
        2.0279334783554077,
        1.124382145702839,
        0.7495920111280903,
        0.7549194730476989,
        0.31692495936651993,
        0.28646020835058533,
        0.24577555829814304,
        0.21505362841203546,
        0.19115896624721923,
        0.18299337642548535,
        0.1849163826411245,
        0.17110366885163764,
        0.16017538422505104,
        0.25233367190764106,
        0.3558847317987552,
        0.36598988714570835,
        0.9110275936384298,
        0.8605398727855227,
        1.126083235370593,
        1.1642031186879702,
        1.1371908324163138,
        1.109777875385594,
        1.0780538743009627,
        1.03871969022362,
        1.0008965970326287,
        0.966986578650278,
        0.9311722653376485,
        0.926593276383694,
        1.011636296586814,
        0.9868185543557686,
        1.0326109647309283,
        1.0385107010175179,
        1.0071594249126976,
        0.9776068696952201,
        0.9498846754386538,
        0.9235021058333513,
        0.9016275849161209,
        0.8791107316029007,
        0.8565977014266283,
        0.9011846867435931,
        0.8792045724327738,
        0.8980943274151484,
        0.8793374496706474,
        0.867857482881145,
        0.8503791977174864,
        0.8322012485652306,
        0.8316653595602689,
        0.8145054674279987,
        0.7979013953937136,
        0.7819446811291365
      ],
      "std_prefix_mean_nll": [
        0.8849948644638062,
        0.33208202570676804,
        0.2213841428814085,
        0.3587634228511183,
        0.0,
        0.0,
        0.0,
        0.0,
        0.0,
        0.0,
        0.0,
        0.0,
        0.0,
        0.0,
        0.0,
        0.0,
        0.0,
        0.0,
        0.0,
        0.0,
        0.0,
        0.0,
        0.0,
        0.0,
        0.0,
        0.0,
        0.0,
        0.0,
        0.0,
        0.0,
        0.0,
        0.0,
        0.0,
        0.0,
        0.0,
        0.0,
        0.0,
        0.0,
        0.0,
        0.0,
        0.0,
        0.0,
        0.0,
        0.0,
        0.0,
        0.0,
        0.0,
        0.0,
        0.0,
        0.0
      ],
      "count_per_k": [
        2,
        2,
        2,
        2,
        1,
        1,
        1,
        1,
        1,
        1,
        1,
        1,
        1,
        1,
        1,
        1,
        1,
        1,
        1,
        1,
        1,
        1,
        1,
        1,
        1,
        1,
        1,
        1,
        1,
        1,
        1,
        1,
        1,
        1,
        1,
        1,
        1,
        1,
        1,
        1,
        1,
        1,
        1,
        1,
        1,
        1,
        1,
        1,
        1,
        1
      ]
    }
  },
  "early_token_aurocs": {
    "first_token_nll": 0.9375,
    "first_1_tokens_mean_nll": 0.9375,
    "first_3_tokens_mean_nll": 0.9375,
    "first_5_tokens_mean_nll": 0.9375
  },
  "num_examples_with_stats": 10,
  "num_labeled_examples": 10
}