Metric,AUROC
Avg Token Prob,0.6504586003266741
Average NLL,0.6468149264983037
Perplexity,0.6468149264983037
G-NLL,0.6445533358462119
RW-G-NLL,
SAR,
Semantic Entropy,
