{
  "aggregated_prefix_curves": {
    "correct": {
      "mean_prefix_mean_nll": [
        0.12416241718016967,
        0.08921363506092056,
        0.07017173266386018,
        0.06162690050932687,
        0.06009964852586663,
        0.058518142892495434,
        0.0577941152686135,
        0.0579420979675008,
        0.05816152611634348,
        0.059545026032543136,
        0.06064894809090038,
        0.06197481001068417,
        0.06520393427232739,
        0.06952441253585334,
        0.07376151547879123,
        0.07608309522395788,
        0.07951512536727144,
        0.08298692601197447,
        0.08528975486946565,
        0.08756301271014943,
        0.08950194247274962,
        0.09090478249965368,
        0.09275910238190374,
        0.09625417692567578,
        0.10002903936277711,
        0.1033359717228446,
        0.10453404487596342,
        0.10690543493127312,
        0.10945581232979522,
        0.11249925313199534,
        0.11565137964793501,
        0.11735053636030747,
        0.1162787345742492,
        0.11890260968332582,
        0.12353240849598755,
        0.12710103415397248,
        0.12955133014025164,
        0.1262935827898297,
        0.13213267863554695,
        0.1360034375467901,
        0.1366786207776098,
        0.14303956465158196,
        0.1476035161142041,
        0.1473490028355563,
        0.1571199049250441,
        0.15754752443533915,
        0.1592273706987725,
        0.16241343385253734,
        0.16264454742212262,
        0.16905270048514337
      ],
      "std_prefix_mean_nll": [
        0.2033776477456738,
        0.13036432096671485,
        0.0968499708921859,
        0.07907082866194812,
        0.07178243568654424,
        0.06684236785138313,
        0.06234959678500558,
        0.06141356445992834,
        0.06156279669782178,
        0.059755305413424706,
        0.058657459304729445,
        0.05747462422993995,
        0.057464313550566734,
        0.057885690805309226,
        0.05966397272625236,
        0.05915807203906521,
        0.0605252258254632,
        0.06120118810219748,
        0.062267911982406714,
        0.06183028106268319,
        0.06027793126165544,
        0.058611818229613054,
        0.060932705255712184,
        0.06130452046926231,
        0.060064132917775265,
        0.06200727922289183,
        0.061373210866483084,
        0.06085444460757235,
        0.060451850512640126,
        0.06188683676307847,
        0.06103363559095896,
        0.060767446729654256,
        0.06233747771048336,
        0.06306833686372491,
        0.06543557647055209,
        0.0656024378133517,
        0.06545350125273551,
        0.06014717364909498,
        0.06141774460287466,
        0.06305671459211475,
        0.0621329940984929,
        0.0602667100551662,
        0.06000720624042046,
        0.052689043493040995,
        0.050773406068342436,
        0.05179175088260031,
        0.05449033235023383,
        0.054429526879558134,
        0.055569046490429805,
        0.049762577686310955
      ],
      "count_per_k": [
        388,
        388,
        388,
        388,
        388,
        388,
        388,
        388,
        388,
        386,
        380,
        372,
        366,
        355,
        349,
        343,
        331,
        320,
        309,
        301,
        277,
        250,
        231,
        212,
        196,
        175,
        156,
        141,
        129,
        117,
        104,
        90,
        77,
        69,
        60,
        54,
        47,
        44,
        37,
        34,
        33,
        29,
        27,
        23,
        20,
        20,
        19,
        17,
        17,
        16
      ]
    },
    "incorrect": {
      "mean_prefix_mean_nll": [
        0.2972305491833443,
        0.15160307635578807,
        0.1198447672831132,
        0.09939114891194316,
        0.08471967862467562,
        0.08328349610906875,
        0.08362034696648761,
        0.08309612309565728,
        0.08868089482667442,
        0.08933382296391208,
        0.09315314512097438,
        0.10028533679031133,
        0.10118161122245561,
        0.11238246451409321,
        0.11403448865751353,
        0.11891675324683289,
        0.11884781894015713,
        0.12051585814182805,
        0.1224335979561229,
        0.13276388217586702,
        0.13071964862195945,
        0.13798504327217612,
        0.15022018576148352,
        0.1458277329585473,
        0.14386182910598894,
        0.13860375987973048,
        0.13897474880869604,
        0.14531719352563457,
        0.14156328506175697,
        0.13282718347372305,
        0.11829631621583761,
        0.12887916122354515,
        0.12862162056995108,
        0.12651365920127108,
        0.1228994549480579,
        0.11948824495229754,
        0.11626177753826647,
        0.11320314641632628,
        0.11030052608958758,
        0.15102192838683096,
        NaN,
        NaN,
        NaN,
        NaN,
        NaN,
        NaN,
        NaN,
        NaN,
        NaN,
        NaN
      ],
      "std_prefix_mean_nll": [
        0.29535374936217446,
        0.1505704446042553,
        0.10501146870824611,
        0.09125573993156778,
        0.07013811349844579,
        0.059901109652915625,
        0.06059720404801448,
        0.06635037072513134,
        0.05899344979096427,
        0.06460539605479947,
        0.05560412668293156,
        0.05560990073626243,
        0.061264727957713955,
        0.05828418128412438,
        0.046539207214468484,
        0.03956499679649475,
        0.042406140256945446,
        0.043241341650027895,
        0.05139068271153376,
        0.055776554610006315,
        0.06236739812913467,
        0.06431727119003906,
        0.05837998376414122,
        0.057864043783063264,
        0.05340691188694437,
        0.05158900458711458,
        0.05294362011808108,
        0.0521021810350033,
        0.05075776479528645,
        0.05218588272086398,
        0.045438618970995354,
        0.0540705263274921,
        0.050984459676093566,
        0.051154801135653245,
        0.04969309744901612,
        0.048310195709928415,
        0.04700348707929935,
        0.04576725746092336,
        0.04459375943536724,
        0.0,
        NaN,
        NaN,
        NaN,
        NaN,
        NaN,
        NaN,
        NaN,
        NaN,
        NaN,
        NaN
      ],
      "count_per_k": [
        12,
        12,
        12,
        12,
        12,
        12,
        12,
        12,
        12,
        12,
        12,
        12,
        12,
        12,
        12,
        11,
        11,
        10,
        10,
        10,
        9,
        8,
        7,
        7,
        7,
        7,
        7,
        6,
        6,
        5,
        2,
        2,
        2,
        2,
        2,
        2,
        2,
        2,
        2,
        1,
        0,
        0,
        0,
        0,
        0,
        0,
        0,
        0,
        0,
        0
      ]
    }
  },
  "early_token_aurocs": {
    "first_token_nll": 0.6812714776632303,
    "first_1_tokens_mean_nll": 0.6812714776632303,
    "first_3_tokens_mean_nll": 0.6323024054982818,
    "first_5_tokens_mean_nll": 0.5912800687285223
  },
  "num_examples_with_stats": 400,
  "num_labeled_examples": 400
}