{"_runtime":140.923063,"_step":0,"_wandb":{"runtime":140},"validation_accuracy":0.63,"_timestamp":1.762331074465667e+09}