Metric,AUROC
Average NLL,0.7602702702702703
Perplexity,0.7602702702702703
Avg Token Prob,0.7463063063063063
G-NLL,0.7228828828828829
RW-G-NLL,
SAR,
Semantic Entropy,
