Metric,AUROC
G-NLL,0.7142985935809593
Average NLL,0.6065632888568337
Perplexity,0.6065632888568337
Avg Token Prob,0.5818307488880875
RW-G-NLL,0.5
SAR,
Semantic Entropy,
