{
  "aggregated_prefix_curves": {
    "correct": {
      "mean_prefix_mean_nll": [
        0.4186423101663505,
        0.3012263638532831,
        0.24075323253622283,
        0.21224062925505496,
        0.19727956934678323,
        0.18400855003961036,
        0.17807094675417234,
        0.1723872424129227,
        0.16981101087373748,
        0.167752454593786,
        0.1655271264757218,
        0.1660655638408262,
        0.16656934856323846,
        0.16593002920554129,
        0.16650157366031254,
        0.1671930315211504,
        0.16745849416275244,
        0.16586041855344152,
        0.16808294404971608,
        0.16675330817888212,
        0.16626472631834938,
        0.17040917576748,
        0.1684704550303139,
        0.17362756188130313,
        0.1748985690446994,
        0.1788590830583784,
        0.18100505928474322,
        0.18878137648583126,
        0.18930185428668855,
        0.19253084857393135,
        0.19999783119992365,
        0.20829725932647433,
        0.21158741756426297,
        0.2237493407361663,
        0.22725418298330952,
        0.23269619999775296,
        0.23444319576141925,
        0.2394197072492119,
        0.24984881822519292,
        0.2583073123626264,
        0.26043751521203773,
        0.26914257111404466,
        0.27036511630290994,
        0.260814848544069,
        0.25633350325263204,
        0.2714502487625625,
        0.2742852010551436,
        0.27302928197703835,
        0.2693957831079293,
        0.2681110968096773
      ],
      "std_prefix_mean_nll": [
        0.3187585081136578,
        0.22777020312150115,
        0.18759541845436933,
        0.16200400491341513,
        0.14702441455666856,
        0.12969130601693946,
        0.12648002750062787,
        0.1182338781942788,
        0.11139715799048225,
        0.10853534363097413,
        0.10870264920945989,
        0.10618376313029528,
        0.10513402471782098,
        0.10681012263515337,
        0.11059156150381652,
        0.11408119271936881,
        0.11482892802866675,
        0.10883332976545165,
        0.10594942859037622,
        0.10399458632236219,
        0.10455307547376923,
        0.1084629688760357,
        0.1093120913220802,
        0.11089333336277171,
        0.11354400036085294,
        0.1189963327045733,
        0.12241839724256265,
        0.12634215409402139,
        0.1274004645330245,
        0.1311201746510361,
        0.13331436641615987,
        0.13798915598526784,
        0.13725944565909817,
        0.14279360427792498,
        0.14232103795136442,
        0.14139538207375812,
        0.14116610303101365,
        0.14622739497043735,
        0.14769283754634988,
        0.14678754832379529,
        0.1501905784411069,
        0.14725868688058175,
        0.1536704328365322,
        0.15595961066172073,
        0.15746514589561209,
        0.16068135162417552,
        0.16222245580887246,
        0.16053556731551327,
        0.1574489903515134,
        0.15601580630723813
      ],
      "count_per_k": [
        352,
        351,
        349,
        349,
        349,
        348,
        346,
        338,
        330,
        319,
        308,
        296,
        277,
        260,
        242,
        217,
        202,
        186,
        169,
        162,
        152,
        139,
        123,
        106,
        96,
        85,
        76,
        70,
        60,
        56,
        50,
        43,
        40,
        35,
        33,
        32,
        30,
        27,
        25,
        23,
        20,
        19,
        18,
        15,
        13,
        11,
        11,
        11,
        11,
        11
      ]
    },
    "incorrect": {
      "mean_prefix_mean_nll": [
        0.7135525027600428,
        0.43004082741205707,
        0.3562500992175994,
        0.31012184411568927,
        0.2796939282523908,
        0.25513069486911233,
        0.257517243909355,
        0.2520345302620936,
        0.24838395720688447,
        0.2512399552575497,
        0.24992155067070831,
        0.23662638510415432,
        0.23589013530187428,
        0.24084232791055382,
        0.24005005589607167,
        0.24969788874326873,
        0.2533074136954902,
        0.2639281126206938,
        0.2705245112690134,
        0.28357758021159474,
        0.2871815076846161,
        0.2844766310352818,
        0.28188159265607077,
        0.2983015776290219,
        0.30445521369440637,
        0.3148046024396597,
        0.29373982715455776,
        0.28659517844584737,
        0.29794310424419684,
        0.29775025215148315,
        0.3425027374044187,
        0.3547463788891747,
        0.3625558624250044,
        0.3704743649971791,
        0.3755764546396056,
        0.37931634400164665,
        0.3746577990911111,
        0.38139841441791217,
        0.4174042558860752,
        0.414330995531608,
        0.41260931894981595,
        0.40336417439958777,
        0.3993303215510715,
        0.4672612539293203,
        0.4753868797309325,
        0.47480126673817724,
        0.47235867824382033,
        0.5250330528484805,
        0.526488301176841,
        0.533814913708602
      ],
      "std_prefix_mean_nll": [
        0.45388263340570073,
        0.23041494290664705,
        0.19482313844123203,
        0.16172492425698534,
        0.15391195619217085,
        0.15061216321882154,
        0.14854408494487215,
        0.1398186796736847,
        0.1266949984421145,
        0.12136646999583918,
        0.12384322103083495,
        0.1254595403355099,
        0.12204156432366,
        0.12674467039878515,
        0.12801512192267683,
        0.1311646318141577,
        0.13486664699653209,
        0.13844131584699548,
        0.14181688962946298,
        0.13306539260929454,
        0.1305424754669658,
        0.1353372507730654,
        0.13677836376038996,
        0.14386569405929292,
        0.14840544652889204,
        0.14743074906085818,
        0.13442515585547615,
        0.13064147512565774,
        0.13654934826048518,
        0.13012712200804816,
        0.12625001396904684,
        0.1308054789923494,
        0.14397049681675145,
        0.14763413346996,
        0.15435219204165565,
        0.16030043759115048,
        0.16051559643078797,
        0.17033273220298628,
        0.14694633515234404,
        0.14607426889634642,
        0.15721924012790453,
        0.1537515272373422,
        0.15305356510628543,
        0.09348793753983838,
        0.1039769185883509,
        0.11067408522966991,
        0.11136440292116223,
        0.0805704615949214,
        0.08636470664453277,
        0.08505984565801065
      ],
      "count_per_k": [
        48,
        48,
        48,
        48,
        48,
        47,
        47,
        47,
        47,
        47,
        45,
        44,
        44,
        42,
        38,
        35,
        33,
        31,
        27,
        26,
        24,
        24,
        24,
        21,
        21,
        20,
        18,
        17,
        16,
        14,
        11,
        9,
        9,
        9,
        9,
        9,
        9,
        8,
        7,
        7,
        6,
        6,
        6,
        5,
        5,
        5,
        5,
        4,
        4,
        4
      ]
    }
  },
  "early_token_aurocs": {
    "first_token_nll": 0.6991003787878788,
    "first_1_tokens_mean_nll": 0.6991003787878788,
    "first_3_tokens_mean_nll": 0.6824692234848486,
    "first_5_tokens_mean_nll": 0.6732954545454547
  },
  "num_examples_with_stats": 400,
  "num_labeled_examples": 400
}