{
  "aggregated_prefix_curves": {
    "correct": {
      "mean_prefix_mean_nll": [
        0.6127985678613186,
        0.8353674624813721,
        0.8487608384505922,
        0.6517531079916807,
        0.5858263821991083,
        0.48922623876973775,
        0.5163664596232896,
        0.45378080976479396,
        0.4062423572031548,
        0.44353135993806064,
        0.4621600421945032,
        0.4988231748617788,
        0.46045241816892274,
        0.6292551832771746,
        NaN,
        NaN,
        NaN,
        NaN,
        NaN,
        NaN,
        NaN,
        NaN,
        NaN,
        NaN,
        NaN,
        NaN,
        NaN,
        NaN,
        NaN,
        NaN,
        NaN,
        NaN,
        NaN,
        NaN,
        NaN,
        NaN,
        NaN,
        NaN,
        NaN,
        NaN,
        NaN,
        NaN,
        NaN,
        NaN,
        NaN,
        NaN,
        NaN,
        NaN,
        NaN,
        NaN
      ],
      "std_prefix_mean_nll": [
        0.5801518650709248,
        0.6420441157073621,
        0.7161638452840452,
        0.131307217179697,
        0.19350640904644006,
        0.16071956254752587,
        0.11013973593673243,
        0.0946553008307135,
        0.08559727006992178,
        0.10021332715106784,
        0.08290756358821538,
        0.0,
        0.0,
        0.0,
        NaN,
        NaN,
        NaN,
        NaN,
        NaN,
        NaN,
        NaN,
        NaN,
        NaN,
        NaN,
        NaN,
        NaN,
        NaN,
        NaN,
        NaN,
        NaN,
        NaN,
        NaN,
        NaN,
        NaN,
        NaN,
        NaN,
        NaN,
        NaN,
        NaN,
        NaN,
        NaN,
        NaN,
        NaN,
        NaN,
        NaN,
        NaN,
        NaN,
        NaN,
        NaN,
        NaN
      ],
      "count_per_k": [
        5,
        5,
        5,
        3,
        3,
        3,
        3,
        3,
        3,
        3,
        3,
        1,
        1,
        1,
        0,
        0,
        0,
        0,
        0,
        0,
        0,
        0,
        0,
        0,
        0,
        0,
        0,
        0,
        0,
        0,
        0,
        0,
        0,
        0,
        0,
        0,
        0,
        0,
        0,
        0,
        0,
        0,
        0,
        0,
        0,
        0,
        0,
        0,
        0,
        0
      ]
    },
    "incorrect": {
      "mean_prefix_mean_nll": [
        1.0067063681073958,
        0.7560459968282178,
        0.610717551967743,
        0.5472548284078486,
        0.5184614590314014,
        0.4934693616821841,
        0.49538955253549943,
        0.48471821607227683,
        0.4862264804501354,
        0.49324430706105576,
        0.4868295037848726,
        0.49443238956412294,
        0.5032811710728592,
        0.5092775633410178,
        0.5151903508216606,
        0.5167293947755659,
        0.5218263706312843,
        0.5372221625805086,
        0.5433197395906362,
        0.5559700575124379,
        0.5617713126924213,
        0.5764857393817968,
        0.5890100495810823,
        0.595162429236082,
        0.5895290589587564,
        0.5906236268635537,
        0.6031412830025451,
        0.6126503054859597,
        0.624154643393424,
        0.625402325721642,
        0.6308755610937884,
        0.6515368733152949,
        0.6519795144639985,
        0.6550853811296077,
        0.6518350856430798,
        0.6458255232119611,
        0.6452819639734738,
        0.6654578691008495,
        0.6788756699436324,
        0.6738090047850437,
        0.6809352265513485,
        0.6909031382600622,
        0.6875679532359804,
        0.6934033473859301,
        0.6973327061702003,
        0.7020129656383753,
        0.6989008298536552,
        0.7032736509685207,
        0.6981727139403867,
        0.6906493925193888
      ],
      "std_prefix_mean_nll": [
        1.421933764722071,
        0.9060582869116224,
        0.7023909081219072,
        0.603962925513979,
        0.5413052847124551,
        0.500735177374671,
        0.47471484322408763,
        0.44234001524271477,
        0.4174327054128293,
        0.3957724868587913,
        0.3722595707834742,
        0.3595953497037634,
        0.34992822773198085,
        0.3389159633464829,
        0.3327920288868172,
        0.3236817633939472,
        0.3145384763186558,
        0.3041431910770419,
        0.29839400876189626,
        0.29562169306742425,
        0.2856607056385755,
        0.28193685771384674,
        0.2820650189897345,
        0.28217768520846553,
        0.2677677238832786,
        0.260396205606076,
        0.24777728050873835,
        0.25513682308475044,
        0.2482166809312561,
        0.24181787751558254,
        0.24000440350118085,
        0.24321938966784254,
        0.24044378416181625,
        0.24188950588060235,
        0.23447038379767007,
        0.22729347057312352,
        0.23196716899473632,
        0.21527667920508803,
        0.21814410577905963,
        0.21378947361665426,
        0.20992346960860248,
        0.2048819637977547,
        0.2045668810555155,
        0.1977571815883445,
        0.18968818293317347,
        0.19164040249871636,
        0.18643194227535623,
        0.19085140369365797,
        0.18368668388172044,
        0.18304039888955706
      ],
      "count_per_k": [
        395,
        393,
        393,
        390,
        385,
        385,
        384,
        383,
        382,
        375,
        373,
        366,
        355,
        342,
        334,
        321,
        311,
        292,
        283,
        272,
        260,
        244,
        224,
        215,
        204,
        193,
        178,
        169,
        158,
        146,
        142,
        122,
        115,
        105,
        103,
        97,
        92,
        83,
        77,
        74,
        68,
        64,
        60,
        58,
        56,
        50,
        48,
        47,
        42,
        41
      ]
    }
  },
  "early_token_aurocs": {
    "first_token_nll": 0.521012658227848,
    "first_1_tokens_mean_nll": 0.521012658227848,
    "first_3_tokens_mean_nll": 0.3792405063291139,
    "first_5_tokens_mean_nll": 0.3873417721518988
  },
  "num_examples_with_stats": 400,
  "num_labeled_examples": 400
}