{
  "aggregated_prefix_curves": {
    "correct": {
      "mean_prefix_mean_nll": [
        0.745325726820222,
        0.5330966621858471,
        0.42813657652398884,
        0.4051754026307967,
        0.3843270378099795,
        0.3655387061053557,
        0.35087889097110936,
        0.34174873146405915,
        0.3357813384984261,
        0.328030262100447,
        0.32429604888694663,
        0.32636039077644435,
        0.3315406292022449,
        0.33182106533080274,
        0.3320273662959372,
        0.3347750139684456,
        0.33712317044571005,
        0.33827813580440164,
        0.33802910964015376,
        0.3296834689285372,
        0.332063134429068,
        0.34319073912199793,
        0.3414383777749816,
        0.3480653316701722,
        0.35323240803293005,
        0.3609666400189403,
        0.36203141226635627,
        0.3581675047769452,
        0.3612685833226452,
        0.3634863755213321,
        0.3676683340379426,
        0.36847466523259964,
        0.372798280899635,
        0.37588728281145717,
        0.36227510152638986,
        0.3571843231776296,
        0.3617810663821743,
        0.36224541310825376,
        0.367377429061442,
        0.3660484351157612,
        0.3706119955538361,
        0.36082226110012844,
        0.3568069737694055,
        0.3752116292465167,
        0.38199388945263674,
        0.40732021327224927,
        0.40467773741911806,
        0.40288257773736397,
        0.4029367089677415,
        0.4027998409459875
      ],
      "std_prefix_mean_nll": [
        0.40337393151220763,
        0.32167448510924534,
        0.25957227126662424,
        0.23035099821448907,
        0.21229712361022354,
        0.19991265224279647,
        0.1886106569303081,
        0.18064387728522346,
        0.17669992573500418,
        0.17420082557057145,
        0.1719458482904567,
        0.1716793343042545,
        0.17418813161299415,
        0.1697293165835173,
        0.1711409312897345,
        0.1778405403889155,
        0.1800448845781519,
        0.18176739633760086,
        0.1824061659724969,
        0.18078024577049984,
        0.18563197049572733,
        0.18946051903922034,
        0.19968923881800338,
        0.20196712836132055,
        0.20997764177525652,
        0.2197981429022923,
        0.22297977971798616,
        0.22289082801537546,
        0.23130086750646175,
        0.23265306682068518,
        0.23901184780823334,
        0.2404284093269205,
        0.24142896368465988,
        0.24403537881461956,
        0.24172652270954714,
        0.24134319855064168,
        0.246161611030252,
        0.2514025266923435,
        0.2516698780800726,
        0.24918186904217335,
        0.23214433536458148,
        0.23071876282040313,
        0.23515851358042836,
        0.23377219724848017,
        0.23300278660656348,
        0.23105917776314924,
        0.2295456144657578,
        0.23040819286552514,
        0.23428959926616755,
        0.2353727337449375
      ],
      "count_per_k": [
        282,
        276,
        271,
        266,
        261,
        261,
        258,
        251,
        245,
        239,
        232,
        222,
        205,
        192,
        178,
        165,
        151,
        142,
        132,
        124,
        113,
        104,
        97,
        91,
        84,
        78,
        72,
        70,
        65,
        63,
        60,
        59,
        58,
        55,
        51,
        50,
        49,
        45,
        44,
        42,
        36,
        35,
        33,
        31,
        30,
        27,
        27,
        27,
        27,
        27
      ]
    },
    "incorrect": {
      "mean_prefix_mean_nll": [
        0.9785812663829933,
        0.769072456088347,
        0.6433308037513905,
        0.5857336046794207,
        0.5526156860048855,
        0.5295011016447665,
        0.5189738437781174,
        0.5091901731233426,
        0.49802003152836277,
        0.4940098005760555,
        0.4927166635163269,
        0.48880223672092626,
        0.48207066461104026,
        0.4827094744979974,
        0.48343059974256025,
        0.4815594507816259,
        0.4932883633440588,
        0.49151132878978404,
        0.491639909562903,
        0.49941570953632886,
        0.5040485228375188,
        0.5068430981414496,
        0.5141438393406861,
        0.5113185489586215,
        0.5302130289614911,
        0.5311893953956454,
        0.529464763614494,
        0.5308611897333898,
        0.5466528172908124,
        0.539832144719679,
        0.5535238079243112,
        0.5567123274026229,
        0.5555503158669686,
        0.5677946383030522,
        0.5704734363035586,
        0.5685267534092968,
        0.5708709881560486,
        0.5724230053503145,
        0.5816316444540695,
        0.5944059600016482,
        0.5942372449580294,
        0.5949909725449787,
        0.6029531250045611,
        0.6037688215564682,
        0.6053115520550572,
        0.607008266828497,
        0.6106139873351474,
        0.6123211063345766,
        0.6110408114043813,
        0.6148772274767453
      ],
      "std_prefix_mean_nll": [
        0.4645349801848741,
        0.40350555362863594,
        0.3347511795423618,
        0.29083432057236636,
        0.26018838717373843,
        0.24232516859503514,
        0.24512054510604153,
        0.24457940938063202,
        0.2509614087469275,
        0.2540417894510306,
        0.25343687842210594,
        0.260768687710055,
        0.2671110295173942,
        0.26707875031428896,
        0.27157141160171505,
        0.2746051950877036,
        0.27539032866468044,
        0.2738743414756628,
        0.2769807675703707,
        0.2779709241021554,
        0.2835715674122493,
        0.2832182513089584,
        0.2844503878950014,
        0.28661816383267064,
        0.2792820492329297,
        0.2811909432857769,
        0.2784925840924373,
        0.27635577262729244,
        0.26931122445536154,
        0.26655745740274034,
        0.2670180932952536,
        0.26427448133006914,
        0.26285276141333286,
        0.261435621340209,
        0.26067118411751034,
        0.2610718081738685,
        0.2618179631951915,
        0.26365289681239984,
        0.26312456324468986,
        0.2589264212134137,
        0.2597130895005719,
        0.2591301031797074,
        0.2587989914423135,
        0.25699438313393064,
        0.25649856420517136,
        0.25715309377208323,
        0.25705267651763763,
        0.25867730403921746,
        0.25824146502732764,
        0.2574206120113073
      ],
      "count_per_k": [
        118,
        117,
        117,
        115,
        114,
        113,
        112,
        111,
        111,
        108,
        107,
        104,
        102,
        99,
        97,
        92,
        88,
        86,
        82,
        80,
        77,
        76,
        75,
        74,
        70,
        70,
        70,
        70,
        66,
        65,
        63,
        62,
        62,
        61,
        61,
        61,
        61,
        60,
        59,
        57,
        57,
        56,
        55,
        55,
        55,
        55,
        54,
        54,
        54,
        53
      ]
    }
  },
  "early_token_aurocs": {
    "first_token_nll": 0.6466522418559923,
    "first_1_tokens_mean_nll": 0.6466522418559923,
    "first_3_tokens_mean_nll": 0.6884541411227311,
    "first_5_tokens_mean_nll": 0.6789277557398726
  },
  "num_examples_with_stats": 400,
  "num_labeled_examples": 400
}