{
  "aurocs": {
    "uniform": 0.7306315104166666,
    "linear_increasing": 0.7291666666666667,
    "linear_decreasing": 0.7062174479166667,
    "quadratic_increasing": 0.7376302083333333,
    "quadratic_decreasing": 0.7034505208333334,
    "exponential_increasing": 0.7379557291666666,
    "exponential_decreasing": 0.7073567708333334,
    "middle_peak": 0.6845703125,
    "edges_peak": 0.7659505208333334,
    "gaussian_middle": 0.7045898437500001,
    "nll_proportional": 0.7130533854166666,
    "confidence_proportional": 0.7255859375,
    "surprisal": 0.7277018229166666,
    "first_k": 0.7272135416666667,
    "last_k": 0.78369140625,
    "first_last_k": 0.7817382812499999,
    "recency_bias": 0.728515625,
    "high_uncertainty_only": 0.73193359375,
    "low_uncertainty_only": 0.72998046875,
    "nll_sqrt": 0.7184244791666666,
    "nll_cubic": 0.6883138020833333,
    "nll_quartic": 0.685546875,
    "nll_quintic": 0.6827799479166666,
    "negate_last_3": 0.7070312500000001,
    "negate_last_5": 0.6910807291666667,
    "negate_last_20pct": 0.6969401041666666,
    "negate_first_3": 0.7161458333333333,
    "negate_first_20pct": 0.7281901041666666,
    "unweight_beginning": 0.71826171875,
    "unweight_middle": 0.7490234374999999,
    "unweight_end": 0.69287109375,
    "only_beginning": 0.6964518229166667,
    "only_middle": 0.6725260416666666,
    "only_end": 0.7270507812500001,
    "nll_squared_negate_end": 0.69921875,
    "nll_cubic_negate_end": 0.7003580729166666,
    "nll_squared_middle_focus": 0.697265625,
    "nll_cubic_middle_focus": 0.6984049479166667
  },
  "num_examples": 400,
  "normalize": true
}