Metric,AUROC
G-NLL,0.6100290095317034
Avg Token Prob,0.5970437905788093
Average NLL,0.5944191186627988
Perplexity,0.5944191186627988
RW-G-NLL,
SAR,
Semantic Entropy,
