{
  "short_rouge": {
    "G-NLL_AUROC": 0.7579402621975943,
    "Accuracy": 0.755,
    "Num_examples": 400,
    "Mean_G-NLL": 0.804740517470727,
    "Std_G-NLL": 1.4628630258908555,
    "Min_G-NLL": 0.00011657988943625242,
    "Max_G-NLL": 9.824000565329754
  },
  "short_judge": {
    "G-NLL_AUROC": 0.7575270342696805,
    "Accuracy": 0.7275,
    "Num_examples": 400,
    "Mean_G-NLL": 0.804740517470727,
    "Std_G-NLL": 1.4628630258908555,
    "Min_G-NLL": 0.00011657988943625242,
    "Max_G-NLL": 9.824000565329754
  },
  "long_judge": {
    "G-NLL_AUROC": 0.7515537798072045,
    "Accuracy": 0.73,
    "Num_examples": 400,
    "Mean_G-NLL": 0.9775655290623695,
    "Std_G-NLL": 1.719699219223873,
    "Min_G-NLL": 6.246371776796877e-05,
    "Max_G-NLL": 13.479802661044232
  }
}