{
  "short_rouge": {
    "G-NLL_AUROC": 0.6876886092782978,
    "Accuracy": 0.8575,
    "Num_examples": 400,
    "Mean_G-NLL": 0.40996839076297553,
    "Std_G-NLL": 0.9991566545226024,
    "Min_G-NLL": 4.8993817472364753e-05,
    "Max_G-NLL": 8.311532976655144
  },
  "short_judge": {
    "G-NLL_AUROC": 0.7093963386535964,
    "Accuracy": 0.8175,
    "Num_examples": 400,
    "Mean_G-NLL": 0.40996839076297553,
    "Std_G-NLL": 0.9991566545226024,
    "Min_G-NLL": 4.8993817472364753e-05,
    "Max_G-NLL": 8.311532976655144
  },
  "long_judge": {
    "G-NLL_AUROC": 0.6643037974683544,
    "Accuracy": 0.0125,
    "Num_examples": 400,
    "Mean_G-NLL": 7.847101197488776,
    "Std_G-NLL": 8.96870477854198,
    "Min_G-NLL": 0.054615982550672015,
    "Max_G-NLL": 70.92900929353345
  }
}