{
  "aggregated_prefix_curves": {
    "correct": {
      "mean_prefix_mean_nll": [
        0.4176576171401825,
        0.3014857534672509,
        0.25422092929484624,
        0.20058270264821876,
        0.1950630857112216,
        0.17153706389022635,
        0.12105114497896757,
        0.06854112590606576,
        NaN,
        NaN,
        NaN,
        NaN,
        NaN,
        NaN,
        NaN,
        NaN,
        NaN,
        NaN,
        NaN,
        NaN,
        NaN,
        NaN,
        NaN,
        NaN,
        NaN,
        NaN,
        NaN,
        NaN,
        NaN,
        NaN,
        NaN,
        NaN,
        NaN,
        NaN,
        NaN,
        NaN,
        NaN,
        NaN,
        NaN,
        NaN,
        NaN,
        NaN,
        NaN,
        NaN,
        NaN,
        NaN,
        NaN,
        NaN,
        NaN,
        NaN
      ],
      "std_prefix_mean_nll": [
        0.9059932376377636,
        0.6463205370261912,
        0.4814585876602184,
        0.3776630426567316,
        0.2991363777332149,
        0.13812317565214022,
        0.04272030293424222,
        0.0,
        NaN,
        NaN,
        NaN,
        NaN,
        NaN,
        NaN,
        NaN,
        NaN,
        NaN,
        NaN,
        NaN,
        NaN,
        NaN,
        NaN,
        NaN,
        NaN,
        NaN,
        NaN,
        NaN,
        NaN,
        NaN,
        NaN,
        NaN,
        NaN,
        NaN,
        NaN,
        NaN,
        NaN,
        NaN,
        NaN,
        NaN,
        NaN,
        NaN,
        NaN,
        NaN,
        NaN,
        NaN,
        NaN,
        NaN,
        NaN,
        NaN,
        NaN
      ],
      "count_per_k": [
        295,
        242,
        151,
        68,
        21,
        6,
        2,
        1,
        0,
        0,
        0,
        0,
        0,
        0,
        0,
        0,
        0,
        0,
        0,
        0,
        0,
        0,
        0,
        0,
        0,
        0,
        0,
        0,
        0,
        0,
        0,
        0,
        0,
        0,
        0,
        0,
        0,
        0,
        0,
        0,
        0,
        0,
        0,
        0,
        0,
        0,
        0,
        0,
        0,
        0
      ]
    },
    "incorrect": {
      "mean_prefix_mean_nll": [
        1.0128888741958126,
        0.6404780647872802,
        0.4209498931616313,
        0.5070185002168485,
        0.41629384118450297,
        0.4314954755158018,
        0.4077851824264208,
        0.45790416965213865,
        0.596242353534813,
        0.8104180185215227,
        0.7521188149142042,
        0.6934308523077561,
        0.7520485945975591,
        0.7111227024145462,
        NaN,
        NaN,
        NaN,
        NaN,
        NaN,
        NaN,
        NaN,
        NaN,
        NaN,
        NaN,
        NaN,
        NaN,
        NaN,
        NaN,
        NaN,
        NaN,
        NaN,
        NaN,
        NaN,
        NaN,
        NaN,
        NaN,
        NaN,
        NaN,
        NaN,
        NaN,
        NaN,
        NaN,
        NaN,
        NaN,
        NaN,
        NaN,
        NaN,
        NaN,
        NaN,
        NaN
      ],
      "std_prefix_mean_nll": [
        1.3458686100130681,
        0.7448001832897261,
        0.42672605833596355,
        0.4820848868105667,
        0.4074711298996537,
        0.36763059116279345,
        0.35057991366492647,
        0.20080581849602394,
        0.3040622080079124,
        0.0,
        0.0,
        0.0,
        0.0,
        0.0,
        NaN,
        NaN,
        NaN,
        NaN,
        NaN,
        NaN,
        NaN,
        NaN,
        NaN,
        NaN,
        NaN,
        NaN,
        NaN,
        NaN,
        NaN,
        NaN,
        NaN,
        NaN,
        NaN,
        NaN,
        NaN,
        NaN,
        NaN,
        NaN,
        NaN,
        NaN,
        NaN,
        NaN,
        NaN,
        NaN,
        NaN,
        NaN,
        NaN,
        NaN,
        NaN,
        NaN
      ],
      "count_per_k": [
        105,
        88,
        48,
        21,
        14,
        10,
        8,
        4,
        2,
        1,
        1,
        1,
        1,
        1,
        0,
        0,
        0,
        0,
        0,
        0,
        0,
        0,
        0,
        0,
        0,
        0,
        0,
        0,
        0,
        0,
        0,
        0,
        0,
        0,
        0,
        0,
        0,
        0,
        0,
        0,
        0,
        0,
        0,
        0,
        0,
        0,
        0,
        0,
        0,
        0
      ]
    }
  },
  "early_token_aurocs": {
    "first_token_nll": 0.6903954802259886,
    "first_1_tokens_mean_nll": 0.6903954802259886,
    "first_3_tokens_mean_nll": 0.7302340597255851,
    "first_5_tokens_mean_nll": 0.7296206618240517
  },
  "num_examples_with_stats": 400,
  "num_labeled_examples": 400
}