Metric,AUROC
G-NLL,0.7069159720657805
SAR,0.556982303321569
Average NLL,0.5400615754299016
Perplexity,0.5400615754299016
Avg Token Prob,0.5223648969988235
Semantic Entropy,0.49740932642487046
RW-G-NLL,0.3966329966329966
