{"_runtime":537,"pos/run_label":"Small/trivia_qa/Qwen2.5-1.5B","_timestamp":1.7719379763476253e+09,"_step":18,"pos/run_completed":19,"pos/run_time_s":13.247897863388062,"_wandb":{"runtime":537}}