{
  "aggregated_prefix_curves": {
    "correct": {
      "mean_prefix_mean_nll": [
        0.7275601427825372,
        0.4955832054712404,
        0.44127590760485214,
        0.39693711511614893,
        0.3677310652113851,
        0.34638627082764933,
        0.3320458643715803,
        0.3235376492690746,
        0.3101973501564389,
        0.31000053475116635,
        0.30420939546262504,
        0.29925511530594645,
        0.2952371600534517,
        0.2911619864675247,
        0.2878914984907496,
        0.2908313381883302,
        0.2923866285969033,
        0.2987078859621751,
        0.29526500320299676,
        0.28746407510580013,
        0.2863543529417585,
        0.2782522296193466,
        0.285271675859265,
        0.27768015247618955,
        0.28250128562847526,
        0.2716007291817352,
        0.27656167204470944,
        0.2703732220951821,
        0.25992074083178185,
        0.2589368914370824,
        0.2441376596873505,
        0.22735804265653753,
        0.22628192378792708,
        0.22339513664256158,
        0.22572884051818168,
        0.22070194318595185,
        0.20895851190470652,
        0.2003607347467908,
        0.1919541955303705,
        0.18742980076588492,
        0.18743580030581114,
        0.16905746341749037,
        0.16052438727784954,
        0.1560219521232795,
        0.135808000711297,
        0.13431900988732182,
        0.13247620114191624,
        0.12976201231480278,
        0.12742151966629287,
        0.12619089509549297
      ],
      "std_prefix_mean_nll": [
        0.4083257936766785,
        0.2901262013756633,
        0.24093854230694345,
        0.2152139635602491,
        0.18811674512029267,
        0.17052258536161424,
        0.1556310672632233,
        0.14894729469006765,
        0.1468657143073539,
        0.14548504944977242,
        0.139511179316003,
        0.14174831995879653,
        0.14317738974966482,
        0.1467806653007427,
        0.15165005588975505,
        0.15561952473122306,
        0.16182987818985023,
        0.16481926716885215,
        0.16330501862107474,
        0.159993171743561,
        0.15680028812410282,
        0.1607463475256579,
        0.16314753054328282,
        0.16193191914507815,
        0.16157583151980118,
        0.15290766617977009,
        0.15442163625015726,
        0.15721919313977045,
        0.15574352795766244,
        0.1561240126555281,
        0.12744147862604147,
        0.09684384960892402,
        0.10151925349617434,
        0.10610120634959054,
        0.10732624442582414,
        0.10543419257929228,
        0.10288128569749784,
        0.10173616153847038,
        0.1010391552392417,
        0.09851137923223023,
        0.10074522146294296,
        0.08363042581118103,
        0.08195881184742736,
        0.08305340391837039,
        0.07184775339969254,
        0.06970845517085728,
        0.06803760437010514,
        0.06663844343731692,
        0.06580017540103379,
        0.06348999020766026
      ],
      "count_per_k": [
        274,
        274,
        273,
        271,
        262,
        253,
        241,
        227,
        207,
        192,
        177,
        165,
        154,
        143,
        130,
        117,
        107,
        92,
        83,
        78,
        72,
        65,
        63,
        56,
        50,
        49,
        45,
        44,
        41,
        35,
        30,
        26,
        24,
        23,
        22,
        22,
        20,
        19,
        18,
        18,
        16,
        15,
        14,
        13,
        11,
        11,
        11,
        11,
        11,
        11
      ]
    },
    "incorrect": {
      "mean_prefix_mean_nll": [
        0.9473904515099194,
        0.7638220594730633,
        0.6331701359554557,
        0.5732024033384644,
        0.5459483319067424,
        0.5283643728053676,
        0.5100337117425701,
        0.5020045813478677,
        0.48764511508962516,
        0.4800710750093349,
        0.4727817912837907,
        0.4601563627333619,
        0.44670146176287806,
        0.43708241013771776,
        0.4306273212147195,
        0.4196908094020487,
        0.41679393363377404,
        0.4098841848231613,
        0.40092908503521846,
        0.39184136713222745,
        0.39186449881648305,
        0.3836405415760629,
        0.37956511998834297,
        0.37229682067695874,
        0.3686544936004964,
        0.3619116382940378,
        0.35688773552150693,
        0.36612033163799734,
        0.38276469306179084,
        0.3864560910428991,
        0.3906904770031987,
        0.397867560153485,
        0.407119816255143,
        0.41677591255388124,
        0.416770643392766,
        0.4278863496384359,
        0.4212778511184596,
        0.4162764472705573,
        0.4125806179568345,
        0.4199729963184313,
        0.41496890985469975,
        0.4053429646603086,
        0.40201955787183724,
        0.3969995976318174,
        0.3928740067944229,
        0.3904993587828387,
        0.38576697684621836,
        0.38626238015575903,
        0.3966556497215587,
        0.39607283816744104
      ],
      "std_prefix_mean_nll": [
        0.48159304423314203,
        0.4553324239135847,
        0.3430513275037358,
        0.2824345197724931,
        0.25872493815982006,
        0.255251310670567,
        0.23611962789867225,
        0.23236929193777292,
        0.22311458968578426,
        0.2199506019157203,
        0.21090757483817243,
        0.2098187344949996,
        0.20820488067323858,
        0.2036360472331686,
        0.20133303466585337,
        0.19770161078992504,
        0.19697659829795722,
        0.19129353966490423,
        0.18804916443036887,
        0.1902227697422959,
        0.18990023131657308,
        0.19237578084549292,
        0.1954802438344358,
        0.19678645909031106,
        0.20079056242422677,
        0.21054971804628608,
        0.21235037411511956,
        0.2204713134586886,
        0.22583740706088737,
        0.2263964991569048,
        0.23543563476411433,
        0.24075067023266702,
        0.24681074905474853,
        0.24928222680128684,
        0.25226637271600333,
        0.26061055862403926,
        0.25820232443489716,
        0.2560640147400653,
        0.25617548128215223,
        0.2529336657260156,
        0.2505316422103141,
        0.25655290182918694,
        0.25681066643129563,
        0.25528636497012624,
        0.2542900014840923,
        0.25495519528076344,
        0.2518490416899366,
        0.25567409321417545,
        0.2551822839132914,
        0.2576743431138519
      ],
      "count_per_k": [
        126,
        126,
        126,
        124,
        124,
        124,
        119,
        117,
        114,
        109,
        104,
        98,
        93,
        88,
        82,
        77,
        69,
        66,
        63,
        61,
        57,
        51,
        50,
        48,
        47,
        42,
        40,
        37,
        32,
        31,
        30,
        29,
        26,
        25,
        24,
        21,
        21,
        21,
        21,
        20,
        20,
        19,
        19,
        19,
        19,
        19,
        19,
        19,
        18,
        18
      ]
    }
  },
  "early_token_aurocs": {
    "first_token_nll": 0.6302282470165682,
    "first_1_tokens_mean_nll": 0.6302282470165682,
    "first_3_tokens_mean_nll": 0.6655659830842312,
    "first_5_tokens_mean_nll": 0.705364384196501
  },
  "num_examples_with_stats": 400,
  "num_labeled_examples": 400
}