Metric,AUROC
Avg Token Prob,0.7729459659511472
Average NLL,0.7710954848260547
Perplexity,0.7710954848260547
G-NLL,0.6593264248704663
RW-G-NLL,
SAR,
Semantic Entropy,
